{
  "type": "FeatureCollection",
  "features": [
    {
      "type": "Feature",
      "geometry": {
        "type": "Polygon",
        "coordinates": [
          [
            [
              28.109378195914534,
              45.83
            ],
            [
              28.1119886,
              45.8268743
            ],
            [
              28.1093314,
              45.8243514
            ],
            [
              28.113106,
              45.8208303
            ],
            [
              28.1074403,
              45.8165257
            ],
            [
              28.1101693,
              45.8147064
            ],
            [
              28.1186169,
              45.8148725
            ],
            [
              28.1212594,
              45.8064085
            ],
            [
              28.1195612,
              45.801836
            ],
            [
              28.1227456,
              45.7982203
            ],
            [
              28.1191996,
              45.7946172
            ],
            [
              28.1130008,
              45.7961091
            ],
            [
              28.1122099,
              45.7951853
            ],
            [
              28.1132913,
              45.7911761
            ],
            [
              28.1154277,
              45.7898944
            ],
            [
              28.120904,
              45.7909352
            ],
            [
              28.1216506,
              45.7884023
            ],
            [
              28.1263545,
              45.7839727
            ],
            [
              28.1350363,
              45.778362
            ],
            [
              28.1470656,
              45.7812135
            ],
            [
              28.151752,
              45.7836003
            ],
            [
              28.1540349,
              45.7822882
            ],
            [
              28.1523733,
              45.7797749
            ],
            [
              28.1557223,
              45.7781248
            ],
            [
              28.1542831,
              45.7741134
            ],
            [
              28.1497172,
              45.7730996
            ],
            [
              28.1497006,
              45.7698337
            ],
            [
              28.1479935,
              45.7678058
            ],
            [
              28.1496042,
              45.7640003
            ],
            [
              28.1448881,
              45.764168
            ],
            [
              28.1434891,
              45.760231
            ],
            [
              28.1519751,
              45.7539736
            ],
            [
              28.1497025,
              45.7509337
            ],
            [
              28.1511488,
              45.7442688
            ],
            [
              28.1561267,
              45.7439341
            ],
            [
              28.1576151,
              45.7397703
            ],
            [
              28.1668736,
              45.736241
            ],
            [
              28.1651104,
              45.7325784
            ],
            [
              28.1661062,
              45.7304475
            ],
            [
              28.1621522,
              45.7287956
            ],
            [
              28.1608063,
              45.7250508
            ],
            [
              28.1671333,
              45.7240013
            ],
            [
              28.1641395,
              45.716913
            ],
            [
              28.170711,
              45.7088679
            ],
            [
              28.1681421,
              45.7067703
            ],
            [
              28.1598858,
              45.7037903
            ],
            [
              28.1644652,
              45.6969935
            ],
            [
              28.1626311,
              45.6918556
            ],
            [
              28.1657748,
              45.6867308
            ],
            [
              28.1664758,
              45.6824884
            ],
            [
              28.171385,
              45.6796073
            ],
            [
              28.169412,
              45.6778832
            ],
            [
              28.1704146,
              45.6744676
            ],
            [
              28.1672622,
              45.6712422
            ],
            [
              28.1666528,
              45.6662428
            ],
            [
              28.162177,
              45.6606516
            ],
            [
              28.1659373,
              45.6534534
            ],
            [
              28.1638946,
              45.6519316
            ],
            [
              28.1586197,
              45.6518383
            ],
            [
              28.1578913,
              45.6507302
            ],
            [
              28.1601411,
              45.6493529
            ],
            [
              28.1709851,
              45.648856
            ],
            [
              28.1742738,
              45.6456296
            ],
            [
              28.171473,
              45.6404717
            ],
            [
              28.1567158,
              45.6365404
            ],
            [
              28.1515874,
              45.630858
            ],
            [
              28.1494919,
              45.6260423
            ],
            [
              28.145328,
              45.6247997
            ],
            [
              28.144675,
              45.6214696
            ],
            [
              28.1412187,
              45.6223155
            ],
            [
              28.1399914,
              45.6253506
            ],
            [
              28.1372644,
              45.6256984
            ],
            [
              28.1298713,
              45.6236038
            ],
            [
              28.1319804,
              45.6197853
            ],
            [
              28.1303281,
              45.6186903
            ],
            [
              28.1223016,
              45.6232677
            ],
            [
              28.1207536,
              45.6270897
            ],
            [
              28.1121572,
              45.6262972
            ],
            [
              28.1101298,
              45.621681
            ],
            [
              28.1004832,
              45.6184557
            ],
            [
              28.0995629,
              45.6158826
            ],
            [
              28.0905971,
              45.6109609
            ],
            [
              28.0889274,
              45.6093974
            ],
            [
              28.0885616,
              45.6045982
            ],
            [
              28.0924353,
              45.5980236
            ],
            [
              28.1007265,
              45.595373
            ],
            [
              28.1060304,
              45.588037
            ],
            [
              28.1130921,
              45.5863378
            ],
            [
              28.1183003,
              45.5803967
            ],
            [
              28.1210712,
              45.5791449
            ],
            [
              28.1172531,
              45.5755059
            ],
            [
              28.121618,
              45.5718667
            ],
            [
              28.1252847,
              45.5741286
            ],
            [
              28.1266872,
              45.5709001
            ],
            [
              28.1313133,
              45.5755685
            ],
            [
              28.1325068,
              45.5711607
            ],
            [
              28.1342308,
              45.570952
            ],
            [
              28.1357877,
              45.5730005
            ],
            [
              28.1347961,
              45.5770043
            ],
            [
              28.138839,
              45.5774316
            ],
            [
              28.1407802,
              45.5763016
            ],
            [
              28.1441814,
              45.5669423
            ],
            [
              28.1456197,
              45.5658588
            ],
            [
              28.1541314,
              45.5744386
            ],
            [
              28.1567226,
              45.5753617
            ],
            [
              28.1567471,
              45.5700836
            ],
            [
              28.1545095,
              45.5650956
            ],
            [
              28.1496197,
              45.5637607
            ],
            [
              28.1480911,
              45.5621735
            ],
            [
              28.1508172,
              45.5609402
            ],
            [
              28.158927,
              45.5609813
            ],
            [
              28.1552744,
              45.5546155
            ],
            [
              28.1609303,
              45.5469491
            ],
            [
              28.1654895,
              45.5453967
            ],
            [
              28.165681,
              45.537136
            ],
            [
              28.1620631,
              45.5332528
            ],
            [
              28.1651144,
              45.5311143
            ],
            [
              28.1664272,
              45.5278251
            ],
            [
              28.1647045,
              45.5239131
            ],
            [
              28.1590754,
              45.5255402
            ],
            [
              28.1567285,
              45.524104
            ],
            [
              28.1663296,
              45.5197622
            ],
            [
              28.1616701,
              45.5113781
            ],
            [
              28.1539793,
              45.5099275
            ],
            [
              28.1641788,
              45.507924
            ],
            [
              28.1624787,
              45.4999844
            ],
            [
              28.1721914,
              45.5009184
            ],
            [
              28.1761331,
              45.4957127
            ],
            [
              28.17922,
              45.4840867
            ],
            [
              28.1830863,
              45.4817675
            ],
            [
              28.1860471,
              45.4742726
            ],
            [
              28.2060731,
              45.4695039
            ],
            [
              28.208689,
              45.4673793
            ],
            [
              28.203063,
              45.4669632
            ],
            [
              28.198934,
              45.4645644
            ],
            [
              28.193922,
              45.4581741
            ],
            [
              28.1925632,
              45.4544791
            ],
            [
              28.1909377,
              45.4383448
            ],
            [
              28.1939376,
              45.4218171
            ],
            [
              28.1935974,
              45.4173005
            ],
            [
              28.1928718,
              45.4149389
            ],
            [
              28.1890464,
              45.413082
            ],
            [
              28.1857138,
              45.4124619
            ],
            [
              28.1762879,
              45.4147496
            ],
            [
              28.1476564,
              45.4304905
            ],
            [
              28.1269803,
              45.4389242
            ],
            [
              28.1073222,
              45.44126
            ],
            [
              28.0982596,
              45.4410891
            ],
            [
              28.0882533,
              45.4396119
            ],
            [
              28.060582,
              45.4281657
            ],
            [
              28.0401635,
              45.4165096
            ],
            [
              28.0337069,
              45.4096566
            ],
            [
              28.0305501,
              45.4043377
            ],
            [
              28.0147686,
              45.4013835
            ],
            [
              28.0058435,
              45.3961444
            ],
            [
              28.0026088,
              45.3962175
            ],
            [
              27.9969274,
              45.4000546
            ],
            [
              27.9933355,
              45.4004968
            ],
            [
              27.9887207,
              45.393165
            ],
            [
              27.9841334,
              45.3905188
            ],
            [
              27.9771325,
              45.3954179
            ],
            [
              27.9702555,
              45.3960836
            ],
            [
              27.9560129,
              45.4028062
            ],
            [
              27.9466924,
              45.4052608
            ],
            [
              27.9396407,
              45.4061053
            ],
            [
              27.9263049,
              45.4052864
            ],
            [
              27.9168051,
              45.4070322
            ],
            [
              27.9005563,
              45.4162533
            ],
            [
              27.8890854,
              45.42007
            ],
            [
              27.8837141,
              45.4164991
            ],
            [
              27.8740283,
              45.4178894
            ],
            [
              27.8725166,
              45.41482
            ],
            [
              27.8726056,
              45.4106665
            ],
            [
              27.8655461,
              45.4058289
            ],
            [
              27.8702191,
              45.4019102
            ],
            [
              27.870155,
              45.3991313
            ],
            [
              27.8656334,
              45.3969829
            ],
            [
              27.8611592,
              45.3965232
            ],
            [
              27.8564969,
              45.3965047
            ],
            [
              27.8453656,
              45.4000992
            ],
            [
              27.8302196,
              45.3991782
            ],
            [
              27.8218812,
              45.3965233
            ],
            [
              27.8094945,
              45.4030221
            ],
            [
              27.7883005,
              45.4061626
            ],
            [
              27.7863624,
              45.4068917
            ],
            [
              27.7858286,
              45.4086221
            ],
            [
              27.7853094,
              45.4161313
            ],
            [
              27.7866734,
              45.4194684
            ],
            [
              27.7830194,
              45.4223112
            ],
            [
              27.7753913,
              45.422307
            ],
            [
              27.7668092,
              45.4189987
            ],
            [
              27.7565465,
              45.4189483
            ],
            [
              27.7453896,
              45.4143853
            ],
            [
              27.7412387,
              45.4142129
            ],
            [
              27.7396302,
              45.4153694
            ],
            [
              27.7383066,
              45.4194976
            ],
            [
              27.7439828,
              45.4262593
            ],
            [
              27.742288,
              45.4327583
            ],
            [
              27.7447706,
              45.4386999
            ],
            [
              27.7505454,
              45.44673
            ],
            [
              27.750188,
              45.4485033
            ],
            [
              27.747111,
              45.4486145
            ],
            [
              27.7408716,
              45.4418887
            ],
            [
              27.737156,
              45.4406136
            ],
            [
              27.7374295,
              45.4389983
            ],
            [
              27.7327943,
              45.4394204
            ],
            [
              27.7391535,
              45.4375734
            ],
            [
              27.7380849,
              45.4367009
            ],
            [
              27.730862,
              45.4384791
            ],
            [
              27.7314174,
              45.4392259
            ],
            [
              27.7283388,
              45.4403838
            ],
            [
              27.7284241,
              45.4416337
            ],
            [
              27.718124,
              45.4409404
            ],
            [
              27.7174174,
              45.4402697
            ],
            [
              27.7206157,
              45.4395736
            ],
            [
              27.7167815,
              45.4334728
            ],
            [
              27.7061261,
              45.4372926
            ],
            [
              27.7049924,
              45.4355126
            ],
            [
              27.6732682,
              45.4461867
            ],
            [
              27.6833893,
              45.4614933
            ],
            [
              27.6874742,
              45.4594663
            ],
            [
              27.6885682,
              45.4605393
            ],
            [
              27.6822548,
              45.463496
            ],
            [
              27.6814671,
              45.4665837
            ],
            [
              27.6894174,
              45.4689284
            ],
            [
              27.6941389,
              45.4731957
            ],
            [
              27.6952776,
              45.4787012
            ],
            [
              27.6926614,
              45.4816095
            ],
            [
              27.6889953,
              45.4819633
            ],
            [
              27.6735155,
              45.475012
            ],
            [
              27.6672095,
              45.4743108
            ],
            [
              27.6616309,
              45.4719643
            ],
            [
              27.6589401,
              45.4739383
            ],
            [
              27.6588717,
              45.4760397
            ],
            [
              27.6641822,
              45.4897997
            ],
            [
              27.6544102,
              45.4907165
            ],
            [
              27.6529797,
              45.4892321
            ],
            [
              27.6560012,
              45.4857135
            ],
            [
              27.6549557,
              45.4798037
            ],
            [
              27.6435803,
              45.4776811
            ],
            [
              27.6462346,
              45.4621438
            ],
            [
              27.6288337,
              45.4546509
            ],
            [
              27.6272192,
              45.455033
            ],
            [
              27.6240632,
              45.466176
            ],
            [
              27.6176608,
              45.4660825
            ],
            [
              27.6115555,
              45.4643208
            ],
            [
              27.6112447,
              45.465948
            ],
            [
              27.6145472,
              45.4716596
            ],
            [
              27.6141348,
              45.4734969
            ],
            [
              27.6135829,
              45.4750095
            ],
            [
              27.6027401,
              45.4775792
            ],
            [
              27.6056078,
              45.4822463
            ],
            [
              27.6007719,
              45.4841984
            ],
            [
              27.5882141,
              45.4854071
            ],
            [
              27.580045,
              45.4907214
            ],
            [
              27.5752902,
              45.4916672
            ],
            [
              27.57265,
              45.4872732
            ],
            [
              27.5621953,
              45.4908158
            ],
            [
              27.5585467,
              45.488385
            ],
            [
              27.5481485,
              45.4945081
            ],
            [
              27.5493963,
              45.4956193
            ],
            [
              27.5429366,
              45.4993683
            ],
            [
              27.5369652,
              45.4939397
            ],
            [
              27.5275891,
              45.4997629
            ],
            [
              27.5269098,
              45.5003932
            ],
            [
              27.5324519,
              45.5055024
            ],
            [
              27.5392983,
              45.5051828
            ],
            [
              27.5418149,
              45.5091528
            ],
            [
              27.5398586,
              45.5120415
            ],
            [
              27.5304695,
              45.5146506
            ],
            [
              27.524543,
              45.5195847
            ],
            [
              27.5222325,
              45.5296857
            ],
            [
              27.5282328,
              45.5386577
            ],
            [
              27.5291263,
              45.5417895
            ],
            [
              27.5283105,
              45.5485482
            ],
            [
              27.5241803,
              45.5532744
            ],
            [
              27.51827,
              45.5567044
            ],
            [
              27.5056842,
              45.5608685
            ],
            [
              27.5042505,
              45.5631652
            ],
            [
              27.5045341,
              45.567269
            ],
            [
              27.5100637,
              45.5766603
            ],
            [
              27.5168983,
              45.5780843
            ],
            [
              27.5341047,
              45.5784383
            ],
            [
              27.536287,
              45.5810992
            ],
            [
              27.5328542,
              45.5853494
            ],
            [
              27.5223866,
              45.5877962
            ],
            [
              27.5187826,
              45.590246
            ],
            [
              27.5175098,
              45.5953821
            ],
            [
              27.5179856,
              45.6000227
            ],
            [
              27.5151758,
              45.6046289
            ],
            [
              27.5075476,
              45.6081078
            ],
            [
              27.4996167,
              45.6065086
            ],
            [
              27.4973642,
              45.6072643
            ],
            [
              27.5109991,
              45.6133191
            ],
            [
              27.5143423,
              45.6169667
            ],
            [
              27.5142109,
              45.619489
            ],
            [
              27.5071313,
              45.6252559
            ],
            [
              27.4883784,
              45.6293883
            ],
            [
              27.4883044,
              45.6317166
            ],
            [
              27.4912663,
              45.6358162
            ],
            [
              27.4905816,
              45.6395798
            ],
            [
              27.4887397,
              45.6407204
            ],
            [
              27.4839083,
              45.6408638
            ],
            [
              27.4700766,
              45.6365586
            ],
            [
              27.4648364,
              45.6389292
            ],
            [
              27.4637773,
              45.6455529
            ],
            [
              27.4523329,
              45.6506084
            ],
            [
              27.4522911,
              45.6523378
            ],
            [
              27.4566707,
              45.6559472
            ],
            [
              27.4565605,
              45.6579232
            ],
            [
              27.4506501,
              45.6614303
            ],
            [
              27.4501833,
              45.6708226
            ],
            [
              27.4415342,
              45.678229
            ],
            [
              27.4380572,
              45.6793118
            ],
            [
              27.4367848,
              45.6786002
            ],
            [
              27.4306961,
              45.6702066
            ],
            [
              27.4245495,
              45.668382
            ],
            [
              27.4210588,
              45.6709307
            ],
            [
              27.4244407,
              45.672848
            ],
            [
              27.4261957,
              45.6782103
            ],
            [
              27.417444,
              45.6799643
            ],
            [
              27.4156311,
              45.6774529
            ],
            [
              27.403621,
              45.6823069
            ],
            [
              27.3999714,
              45.6859566
            ],
            [
              27.3909439,
              45.6999298
            ],
            [
              27.3813931,
              45.7064293
            ],
            [
              27.375043,
              45.7133833
            ],
            [
              27.3692429,
              45.7252248
            ],
            [
              27.3660782,
              45.7257706
            ],
            [
              27.362382,
              45.7293797
            ],
            [
              27.3558305,
              45.7424067
            ],
            [
              27.3566902,
              45.743809
            ],
            [
              27.3539746,
              45.7469109
            ],
            [
              27.3543293,
              45.7540247
            ],
            [
              27.3526932,
              45.7565488
            ],
            [
              27.3556489,
              45.7591436
            ],
            [
              27.3543273,
              45.7593937
            ],
            [
              27.3442319,
              45.7745935
            ],
            [
              27.3429528,
              45.7803371
            ],
            [
              27.3385954,
              45.7837766
            ],
            [
              27.3389828,
              45.787584
            ],
            [
              27.342299,
              45.7882648
            ],
            [
              27.3275898,
              45.79478
            ],
            [
              27.3196669,
              45.8054795
            ],
            [
              27.3127863,
              45.8264512
            ],
            [
              27.310587434705386,
              45.83
            ],
            [
              28.109378195914534,
              45.83
            ]
          ]
        ]
      },
      "properties": {
        "name": "Ținutul Covurlui",
        "start_year": 1500,
        "end_year": 1864,
        "subtitle": "Principatul Moldovei (sec. XV — 1864)",
        "approx_note": "Aproximat din poligonul actual Galați, clipat la nord de Tecuci (lat 45.83). Granițele istorice variau pe perioade."
      }
    },
    {
      "type": "Feature",
      "geometry": {
        "type": "Polygon",
        "coordinates": [
          [
            [
              28.109378195914534,
              45.83
            ],
            [
              28.1119886,
              45.8268743
            ],
            [
              28.1093314,
              45.8243514
            ],
            [
              28.113106,
              45.8208303
            ],
            [
              28.1074403,
              45.8165257
            ],
            [
              28.1101693,
              45.8147064
            ],
            [
              28.1186169,
              45.8148725
            ],
            [
              28.1212594,
              45.8064085
            ],
            [
              28.1195612,
              45.801836
            ],
            [
              28.1227456,
              45.7982203
            ],
            [
              28.1191996,
              45.7946172
            ],
            [
              28.1130008,
              45.7961091
            ],
            [
              28.1122099,
              45.7951853
            ],
            [
              28.1132913,
              45.7911761
            ],
            [
              28.1154277,
              45.7898944
            ],
            [
              28.120904,
              45.7909352
            ],
            [
              28.1216506,
              45.7884023
            ],
            [
              28.1263545,
              45.7839727
            ],
            [
              28.1350363,
              45.778362
            ],
            [
              28.1470656,
              45.7812135
            ],
            [
              28.151752,
              45.7836003
            ],
            [
              28.1540349,
              45.7822882
            ],
            [
              28.1523733,
              45.7797749
            ],
            [
              28.1557223,
              45.7781248
            ],
            [
              28.1542831,
              45.7741134
            ],
            [
              28.1497172,
              45.7730996
            ],
            [
              28.1497006,
              45.7698337
            ],
            [
              28.1479935,
              45.7678058
            ],
            [
              28.1496042,
              45.7640003
            ],
            [
              28.1448881,
              45.764168
            ],
            [
              28.1434891,
              45.760231
            ],
            [
              28.1519751,
              45.7539736
            ],
            [
              28.1497025,
              45.7509337
            ],
            [
              28.1511488,
              45.7442688
            ],
            [
              28.1561267,
              45.7439341
            ],
            [
              28.1576151,
              45.7397703
            ],
            [
              28.1668736,
              45.736241
            ],
            [
              28.1651104,
              45.7325784
            ],
            [
              28.1661062,
              45.7304475
            ],
            [
              28.1621522,
              45.7287956
            ],
            [
              28.1608063,
              45.7250508
            ],
            [
              28.1671333,
              45.7240013
            ],
            [
              28.1641395,
              45.716913
            ],
            [
              28.170711,
              45.7088679
            ],
            [
              28.1681421,
              45.7067703
            ],
            [
              28.1598858,
              45.7037903
            ],
            [
              28.1644652,
              45.6969935
            ],
            [
              28.1626311,
              45.6918556
            ],
            [
              28.1657748,
              45.6867308
            ],
            [
              28.1664758,
              45.6824884
            ],
            [
              28.171385,
              45.6796073
            ],
            [
              28.169412,
              45.6778832
            ],
            [
              28.1704146,
              45.6744676
            ],
            [
              28.1672622,
              45.6712422
            ],
            [
              28.1666528,
              45.6662428
            ],
            [
              28.162177,
              45.6606516
            ],
            [
              28.1659373,
              45.6534534
            ],
            [
              28.1638946,
              45.6519316
            ],
            [
              28.1586197,
              45.6518383
            ],
            [
              28.1578913,
              45.6507302
            ],
            [
              28.1601411,
              45.6493529
            ],
            [
              28.1709851,
              45.648856
            ],
            [
              28.1742738,
              45.6456296
            ],
            [
              28.171473,
              45.6404717
            ],
            [
              28.1567158,
              45.6365404
            ],
            [
              28.1515874,
              45.630858
            ],
            [
              28.1494919,
              45.6260423
            ],
            [
              28.145328,
              45.6247997
            ],
            [
              28.144675,
              45.6214696
            ],
            [
              28.1412187,
              45.6223155
            ],
            [
              28.1399914,
              45.6253506
            ],
            [
              28.1372644,
              45.6256984
            ],
            [
              28.1298713,
              45.6236038
            ],
            [
              28.1319804,
              45.6197853
            ],
            [
              28.1303281,
              45.6186903
            ],
            [
              28.1223016,
              45.6232677
            ],
            [
              28.1207536,
              45.6270897
            ],
            [
              28.1121572,
              45.6262972
            ],
            [
              28.1101298,
              45.621681
            ],
            [
              28.1004832,
              45.6184557
            ],
            [
              28.0995629,
              45.6158826
            ],
            [
              28.0905971,
              45.6109609
            ],
            [
              28.0889274,
              45.6093974
            ],
            [
              28.0885616,
              45.6045982
            ],
            [
              28.0924353,
              45.5980236
            ],
            [
              28.1007265,
              45.595373
            ],
            [
              28.1060304,
              45.588037
            ],
            [
              28.1130921,
              45.5863378
            ],
            [
              28.1183003,
              45.5803967
            ],
            [
              28.1210712,
              45.5791449
            ],
            [
              28.1172531,
              45.5755059
            ],
            [
              28.121618,
              45.5718667
            ],
            [
              28.1252847,
              45.5741286
            ],
            [
              28.1266872,
              45.5709001
            ],
            [
              28.1313133,
              45.5755685
            ],
            [
              28.1325068,
              45.5711607
            ],
            [
              28.1342308,
              45.570952
            ],
            [
              28.1357877,
              45.5730005
            ],
            [
              28.1347961,
              45.5770043
            ],
            [
              28.138839,
              45.5774316
            ],
            [
              28.1407802,
              45.5763016
            ],
            [
              28.1441814,
              45.5669423
            ],
            [
              28.1456197,
              45.5658588
            ],
            [
              28.1541314,
              45.5744386
            ],
            [
              28.1567226,
              45.5753617
            ],
            [
              28.1567471,
              45.5700836
            ],
            [
              28.1545095,
              45.5650956
            ],
            [
              28.1496197,
              45.5637607
            ],
            [
              28.1480911,
              45.5621735
            ],
            [
              28.1508172,
              45.5609402
            ],
            [
              28.158927,
              45.5609813
            ],
            [
              28.1552744,
              45.5546155
            ],
            [
              28.1609303,
              45.5469491
            ],
            [
              28.1654895,
              45.5453967
            ],
            [
              28.165681,
              45.537136
            ],
            [
              28.1620631,
              45.5332528
            ],
            [
              28.1651144,
              45.5311143
            ],
            [
              28.1664272,
              45.5278251
            ],
            [
              28.1647045,
              45.5239131
            ],
            [
              28.1590754,
              45.5255402
            ],
            [
              28.1567285,
              45.524104
            ],
            [
              28.1663296,
              45.5197622
            ],
            [
              28.1616701,
              45.5113781
            ],
            [
              28.1539793,
              45.5099275
            ],
            [
              28.1641788,
              45.507924
            ],
            [
              28.1624787,
              45.4999844
            ],
            [
              28.1721914,
              45.5009184
            ],
            [
              28.1761331,
              45.4957127
            ],
            [
              28.17922,
              45.4840867
            ],
            [
              28.1830863,
              45.4817675
            ],
            [
              28.1860471,
              45.4742726
            ],
            [
              28.2060731,
              45.4695039
            ],
            [
              28.208689,
              45.4673793
            ],
            [
              28.203063,
              45.4669632
            ],
            [
              28.198934,
              45.4645644
            ],
            [
              28.193922,
              45.4581741
            ],
            [
              28.1925632,
              45.4544791
            ],
            [
              28.1909377,
              45.4383448
            ],
            [
              28.1939376,
              45.4218171
            ],
            [
              28.1935974,
              45.4173005
            ],
            [
              28.1928718,
              45.4149389
            ],
            [
              28.1890464,
              45.413082
            ],
            [
              28.1857138,
              45.4124619
            ],
            [
              28.1762879,
              45.4147496
            ],
            [
              28.1476564,
              45.4304905
            ],
            [
              28.1269803,
              45.4389242
            ],
            [
              28.1073222,
              45.44126
            ],
            [
              28.0982596,
              45.4410891
            ],
            [
              28.0882533,
              45.4396119
            ],
            [
              28.060582,
              45.4281657
            ],
            [
              28.0401635,
              45.4165096
            ],
            [
              28.0337069,
              45.4096566
            ],
            [
              28.0305501,
              45.4043377
            ],
            [
              28.0147686,
              45.4013835
            ],
            [
              28.0058435,
              45.3961444
            ],
            [
              28.0026088,
              45.3962175
            ],
            [
              27.9969274,
              45.4000546
            ],
            [
              27.9933355,
              45.4004968
            ],
            [
              27.9887207,
              45.393165
            ],
            [
              27.9841334,
              45.3905188
            ],
            [
              27.9771325,
              45.3954179
            ],
            [
              27.9702555,
              45.3960836
            ],
            [
              27.9560129,
              45.4028062
            ],
            [
              27.9466924,
              45.4052608
            ],
            [
              27.9396407,
              45.4061053
            ],
            [
              27.9263049,
              45.4052864
            ],
            [
              27.9168051,
              45.4070322
            ],
            [
              27.9005563,
              45.4162533
            ],
            [
              27.8890854,
              45.42007
            ],
            [
              27.8837141,
              45.4164991
            ],
            [
              27.8740283,
              45.4178894
            ],
            [
              27.8725166,
              45.41482
            ],
            [
              27.8726056,
              45.4106665
            ],
            [
              27.8655461,
              45.4058289
            ],
            [
              27.8702191,
              45.4019102
            ],
            [
              27.870155,
              45.3991313
            ],
            [
              27.8656334,
              45.3969829
            ],
            [
              27.8611592,
              45.3965232
            ],
            [
              27.8564969,
              45.3965047
            ],
            [
              27.8453656,
              45.4000992
            ],
            [
              27.8302196,
              45.3991782
            ],
            [
              27.8218812,
              45.3965233
            ],
            [
              27.8094945,
              45.4030221
            ],
            [
              27.7883005,
              45.4061626
            ],
            [
              27.7863624,
              45.4068917
            ],
            [
              27.7858286,
              45.4086221
            ],
            [
              27.7853094,
              45.4161313
            ],
            [
              27.7866734,
              45.4194684
            ],
            [
              27.7830194,
              45.4223112
            ],
            [
              27.7753913,
              45.422307
            ],
            [
              27.7668092,
              45.4189987
            ],
            [
              27.7565465,
              45.4189483
            ],
            [
              27.7453896,
              45.4143853
            ],
            [
              27.7412387,
              45.4142129
            ],
            [
              27.7396302,
              45.4153694
            ],
            [
              27.7383066,
              45.4194976
            ],
            [
              27.7439828,
              45.4262593
            ],
            [
              27.742288,
              45.4327583
            ],
            [
              27.7447706,
              45.4386999
            ],
            [
              27.7505454,
              45.44673
            ],
            [
              27.750188,
              45.4485033
            ],
            [
              27.747111,
              45.4486145
            ],
            [
              27.7408716,
              45.4418887
            ],
            [
              27.737156,
              45.4406136
            ],
            [
              27.7374295,
              45.4389983
            ],
            [
              27.7327943,
              45.4394204
            ],
            [
              27.7391535,
              45.4375734
            ],
            [
              27.7380849,
              45.4367009
            ],
            [
              27.730862,
              45.4384791
            ],
            [
              27.7314174,
              45.4392259
            ],
            [
              27.7283388,
              45.4403838
            ],
            [
              27.7284241,
              45.4416337
            ],
            [
              27.718124,
              45.4409404
            ],
            [
              27.7174174,
              45.4402697
            ],
            [
              27.7206157,
              45.4395736
            ],
            [
              27.7167815,
              45.4334728
            ],
            [
              27.7061261,
              45.4372926
            ],
            [
              27.7049924,
              45.4355126
            ],
            [
              27.6732682,
              45.4461867
            ],
            [
              27.6833893,
              45.4614933
            ],
            [
              27.6874742,
              45.4594663
            ],
            [
              27.6885682,
              45.4605393
            ],
            [
              27.6822548,
              45.463496
            ],
            [
              27.6814671,
              45.4665837
            ],
            [
              27.6894174,
              45.4689284
            ],
            [
              27.6941389,
              45.4731957
            ],
            [
              27.6952776,
              45.4787012
            ],
            [
              27.6926614,
              45.4816095
            ],
            [
              27.6889953,
              45.4819633
            ],
            [
              27.6735155,
              45.475012
            ],
            [
              27.6672095,
              45.4743108
            ],
            [
              27.6616309,
              45.4719643
            ],
            [
              27.6589401,
              45.4739383
            ],
            [
              27.6588717,
              45.4760397
            ],
            [
              27.6641822,
              45.4897997
            ],
            [
              27.6544102,
              45.4907165
            ],
            [
              27.6529797,
              45.4892321
            ],
            [
              27.6560012,
              45.4857135
            ],
            [
              27.6549557,
              45.4798037
            ],
            [
              27.6435803,
              45.4776811
            ],
            [
              27.6462346,
              45.4621438
            ],
            [
              27.6288337,
              45.4546509
            ],
            [
              27.6272192,
              45.455033
            ],
            [
              27.6240632,
              45.466176
            ],
            [
              27.6176608,
              45.4660825
            ],
            [
              27.6115555,
              45.4643208
            ],
            [
              27.6112447,
              45.465948
            ],
            [
              27.6145472,
              45.4716596
            ],
            [
              27.6141348,
              45.4734969
            ],
            [
              27.6135829,
              45.4750095
            ],
            [
              27.6027401,
              45.4775792
            ],
            [
              27.6056078,
              45.4822463
            ],
            [
              27.6007719,
              45.4841984
            ],
            [
              27.5882141,
              45.4854071
            ],
            [
              27.580045,
              45.4907214
            ],
            [
              27.5752902,
              45.4916672
            ],
            [
              27.57265,
              45.4872732
            ],
            [
              27.5621953,
              45.4908158
            ],
            [
              27.5585467,
              45.488385
            ],
            [
              27.5481485,
              45.4945081
            ],
            [
              27.5493963,
              45.4956193
            ],
            [
              27.5429366,
              45.4993683
            ],
            [
              27.5369652,
              45.4939397
            ],
            [
              27.5275891,
              45.4997629
            ],
            [
              27.5269098,
              45.5003932
            ],
            [
              27.5324519,
              45.5055024
            ],
            [
              27.5392983,
              45.5051828
            ],
            [
              27.5418149,
              45.5091528
            ],
            [
              27.5398586,
              45.5120415
            ],
            [
              27.5304695,
              45.5146506
            ],
            [
              27.524543,
              45.5195847
            ],
            [
              27.5222325,
              45.5296857
            ],
            [
              27.5282328,
              45.5386577
            ],
            [
              27.5291263,
              45.5417895
            ],
            [
              27.5283105,
              45.5485482
            ],
            [
              27.5241803,
              45.5532744
            ],
            [
              27.51827,
              45.5567044
            ],
            [
              27.5056842,
              45.5608685
            ],
            [
              27.5042505,
              45.5631652
            ],
            [
              27.5045341,
              45.567269
            ],
            [
              27.5100637,
              45.5766603
            ],
            [
              27.5168983,
              45.5780843
            ],
            [
              27.5341047,
              45.5784383
            ],
            [
              27.536287,
              45.5810992
            ],
            [
              27.5328542,
              45.5853494
            ],
            [
              27.5223866,
              45.5877962
            ],
            [
              27.5187826,
              45.590246
            ],
            [
              27.5175098,
              45.5953821
            ],
            [
              27.5179856,
              45.6000227
            ],
            [
              27.5151758,
              45.6046289
            ],
            [
              27.5075476,
              45.6081078
            ],
            [
              27.4996167,
              45.6065086
            ],
            [
              27.4973642,
              45.6072643
            ],
            [
              27.5109991,
              45.6133191
            ],
            [
              27.5143423,
              45.6169667
            ],
            [
              27.5142109,
              45.619489
            ],
            [
              27.5071313,
              45.6252559
            ],
            [
              27.4883784,
              45.6293883
            ],
            [
              27.4883044,
              45.6317166
            ],
            [
              27.4912663,
              45.6358162
            ],
            [
              27.4905816,
              45.6395798
            ],
            [
              27.4887397,
              45.6407204
            ],
            [
              27.4839083,
              45.6408638
            ],
            [
              27.4700766,
              45.6365586
            ],
            [
              27.4648364,
              45.6389292
            ],
            [
              27.4637773,
              45.6455529
            ],
            [
              27.4523329,
              45.6506084
            ],
            [
              27.4522911,
              45.6523378
            ],
            [
              27.4566707,
              45.6559472
            ],
            [
              27.4565605,
              45.6579232
            ],
            [
              27.4506501,
              45.6614303
            ],
            [
              27.4501833,
              45.6708226
            ],
            [
              27.4415342,
              45.678229
            ],
            [
              27.4380572,
              45.6793118
            ],
            [
              27.4367848,
              45.6786002
            ],
            [
              27.4306961,
              45.6702066
            ],
            [
              27.4245495,
              45.668382
            ],
            [
              27.4210588,
              45.6709307
            ],
            [
              27.4244407,
              45.672848
            ],
            [
              27.4261957,
              45.6782103
            ],
            [
              27.417444,
              45.6799643
            ],
            [
              27.4156311,
              45.6774529
            ],
            [
              27.403621,
              45.6823069
            ],
            [
              27.3999714,
              45.6859566
            ],
            [
              27.3909439,
              45.6999298
            ],
            [
              27.3813931,
              45.7064293
            ],
            [
              27.375043,
              45.7133833
            ],
            [
              27.3692429,
              45.7252248
            ],
            [
              27.3660782,
              45.7257706
            ],
            [
              27.362382,
              45.7293797
            ],
            [
              27.3558305,
              45.7424067
            ],
            [
              27.3566902,
              45.743809
            ],
            [
              27.3539746,
              45.7469109
            ],
            [
              27.3543293,
              45.7540247
            ],
            [
              27.3526932,
              45.7565488
            ],
            [
              27.3556489,
              45.7591436
            ],
            [
              27.3543273,
              45.7593937
            ],
            [
              27.3442319,
              45.7745935
            ],
            [
              27.3429528,
              45.7803371
            ],
            [
              27.3385954,
              45.7837766
            ],
            [
              27.3389828,
              45.787584
            ],
            [
              27.342299,
              45.7882648
            ],
            [
              27.3275898,
              45.79478
            ],
            [
              27.3196669,
              45.8054795
            ],
            [
              27.3127863,
              45.8264512
            ],
            [
              27.310587434705386,
              45.83
            ],
            [
              28.109378195914534,
              45.83
            ]
          ]
        ]
      },
      "properties": {
        "name": "Județul Covurlui",
        "start_year": 1864,
        "end_year": 1950,
        "subtitle": "Reforma Cuza · 1864 — 1950",
        "approx_note": "Aproximat din poligonul actual Galați, clipat la nord de Tecuci (lat 45.83). Tecuciul era județ separat. Cuprindea plasele Galați, Bujor, Prutul, Covurlui."
      }
    },
    {
      "type": "Feature",
      "geometry": {
        "type": "Polygon",
        "coordinates": [
          [
            [
              28.0281915,
              45.3995482
            ],
            [
              28.0259014,
              45.3868052
            ],
            [
              28.0268217,
              45.3659553
            ],
            [
              28.0228602,
              45.3521673
            ],
            [
              28.0093428,
              45.321974
            ],
            [
              27.9992167,
              45.3081754
            ],
            [
              27.994842,
              45.28675
            ],
            [
              28.0040736,
              45.2809856
            ],
            [
              28.0178028,
              45.269744
            ],
            [
              28.0285428,
              45.2644166
            ],
            [
              28.0681095,
              45.2522461
            ],
            [
              28.0809709,
              45.2500182
            ],
            [
              28.0957942,
              45.249737
            ],
            [
              28.1022448,
              45.2520625
            ],
            [
              28.110174,
              45.258275
            ],
            [
              28.1148439,
              45.2588605
            ],
            [
              28.1180436,
              45.2541863
            ],
            [
              28.1211926,
              45.2424862
            ],
            [
              28.1297627,
              45.2358769
            ],
            [
              28.1301972,
              45.2330659
            ],
            [
              28.1046234,
              45.2047702
            ],
            [
              28.0933669,
              45.1945381
            ],
            [
              28.0916811,
              45.189879
            ],
            [
              28.1195952,
              45.1767828
            ],
            [
              28.134701,
              45.1713031
            ],
            [
              28.1501433,
              45.1628366
            ],
            [
              28.177273,
              45.1452271
            ],
            [
              28.1857534,
              45.1418903
            ],
            [
              28.1927334,
              45.141812
            ],
            [
              28.1973648,
              45.1373931
            ],
            [
              28.1728473,
              45.1262945
            ],
            [
              28.1702789,
              45.123985
            ],
            [
              28.1695993,
              45.1208477
            ],
            [
              28.1710567,
              45.1168163
            ],
            [
              28.1792375,
              45.1081876
            ],
            [
              28.1762216,
              45.1023769
            ],
            [
              28.1711454,
              45.1003169
            ],
            [
              28.1642544,
              45.1003919
            ],
            [
              28.1500173,
              45.1014403
            ],
            [
              28.1381289,
              45.1039126
            ],
            [
              28.1354655,
              45.1013659
            ],
            [
              28.135835,
              45.0882538
            ],
            [
              28.1342924,
              45.0816264
            ],
            [
              28.1368112,
              45.0754823
            ],
            [
              28.1379382,
              45.0670528
            ],
            [
              28.1412466,
              45.0584025
            ],
            [
              28.152978,
              45.0381127
            ],
            [
              28.1515554,
              45.0351743
            ],
            [
              28.1410891,
              45.0327238
            ],
            [
              28.1347827,
              45.0280144
            ],
            [
              28.1303763,
              45.0227167
            ],
            [
              28.1293502,
              45.0132164
            ],
            [
              28.1336625,
              45.0030923
            ],
            [
              28.1343722,
              44.9961645
            ],
            [
              28.1396248,
              44.9879203
            ],
            [
              28.1428261,
              44.979018
            ],
            [
              28.1496651,
              44.9767449
            ],
            [
              28.1510862,
              44.9736089
            ],
            [
              28.1498988,
              44.9688178
            ],
            [
              28.1356875,
              44.9529518
            ],
            [
              28.1302821,
              44.9430959
            ],
            [
              28.1255299,
              44.9252418
            ],
            [
              28.1250856,
              44.9156063
            ],
            [
              28.1260274,
              44.9037291
            ],
            [
              28.1271045,
              44.9019724
            ],
            [
              28.1337688,
              44.896667
            ],
            [
              28.1414859,
              44.8937743
            ],
            [
              28.1424297,
              44.8911279
            ],
            [
              28.1411527,
              44.887709
            ],
            [
              28.1346289,
              44.8802661
            ],
            [
              28.1091964,
              44.8700689
            ],
            [
              28.1042136,
              44.8662162
            ],
            [
              28.0985523,
              44.8591067
            ],
            [
              28.0972064,
              44.8466374
            ],
            [
              28.082764,
              44.8303008
            ],
            [
              28.0740498,
              44.8160679
            ],
            [
              28.0731293,
              44.8113881
            ],
            [
              28.0738164,
              44.8039256
            ],
            [
              28.0722505,
              44.798584
            ],
            [
              28.0668238,
              44.7862836
            ],
            [
              28.0637714,
              44.7823757
            ],
            [
              28.0462721,
              44.7740922
            ],
            [
              28.0361094,
              44.7606088
            ],
            [
              28.0339913,
              44.7600703
            ],
            [
              28.0294837,
              44.7633478
            ],
            [
              28.0248345,
              44.7639492
            ],
            [
              28.0178041,
              44.7590168
            ],
            [
              28.0109375,
              44.7571767
            ],
            [
              27.9934723,
              44.7604412
            ],
            [
              27.9650299,
              44.776135
            ],
            [
              27.9572362,
              44.7790193
            ],
            [
              27.9481188,
              44.7805688
            ],
            [
              27.8972143,
              44.7724377
            ],
            [
              27.8810163,
              44.7630649
            ],
            [
              27.8792251,
              44.7692849
            ],
            [
              27.8738453,
              44.7741612
            ],
            [
              27.8341241,
              44.7782931
            ],
            [
              27.828034,
              44.7812138
            ],
            [
              27.8221894,
              44.7884131
            ],
            [
              27.8205339,
              44.7974051
            ],
            [
              27.8212095,
              44.8007758
            ],
            [
              27.826265,
              44.8096633
            ],
            [
              27.8264923,
              44.8200191
            ],
            [
              27.81978,
              44.8189205
            ],
            [
              27.8184113,
              44.8204225
            ],
            [
              27.8058522,
              44.8198751
            ],
            [
              27.8014707,
              44.8173325
            ],
            [
              27.8002475,
              44.8147821
            ],
            [
              27.7922196,
              44.8185915
            ],
            [
              27.7885581,
              44.818774
            ],
            [
              27.7827925,
              44.8152254
            ],
            [
              27.7755938,
              44.8049636
            ],
            [
              27.7505367,
              44.8077631
            ],
            [
              27.728294,
              44.8017248
            ],
            [
              27.7254581,
              44.7940792
            ],
            [
              27.7312087,
              44.7941401
            ],
            [
              27.7312945,
              44.7905463
            ],
            [
              27.7358865,
              44.7906681
            ],
            [
              27.7379894,
              44.7882315
            ],
            [
              27.7436542,
              44.7884143
            ],
            [
              27.7441691,
              44.7792154
            ],
            [
              27.7231406,
              44.7778141
            ],
            [
              27.7219077,
              44.7650506
            ],
            [
              27.7203366,
              44.7652648
            ],
            [
              27.7205015,
              44.7668974
            ],
            [
              27.6490735,
              44.7703053
            ],
            [
              27.6494575,
              44.7751474
            ],
            [
              27.6484197,
              44.7757692
            ],
            [
              27.5910213,
              44.7779659
            ],
            [
              27.5916164,
              44.7834541
            ],
            [
              27.5330579,
              44.7843937
            ],
            [
              27.5287557,
              44.7886351
            ],
            [
              27.5215673,
              44.7889092
            ],
            [
              27.5268459,
              44.7740136
            ],
            [
              27.5031313,
              44.774428
            ],
            [
              27.5033068,
              44.7800531
            ],
            [
              27.4839509,
              44.7804351
            ],
            [
              27.4780182,
              44.775209
            ],
            [
              27.436798,
              44.7989589
            ],
            [
              27.4077629,
              44.7730172
            ],
            [
              27.3915961,
              44.7833705
            ],
            [
              27.3819645,
              44.7746838
            ],
            [
              27.363877,
              44.7874773
            ],
            [
              27.3659139,
              44.7895328
            ],
            [
              27.3411231,
              44.802613
            ],
            [
              27.3096022,
              44.7747013
            ],
            [
              27.2886064,
              44.7857781
            ],
            [
              27.2576279,
              44.7496852
            ],
            [
              27.2440393,
              44.7571838
            ],
            [
              27.2307921,
              44.7687494
            ],
            [
              27.2273011,
              44.7701543
            ],
            [
              27.2283403,
              44.7716654
            ],
            [
              27.2215682,
              44.775307
            ],
            [
              27.2235811,
              44.7826008
            ],
            [
              27.20349,
              44.7870779
            ],
            [
              27.207752,
              44.7968766
            ],
            [
              27.1979411,
              44.801316
            ],
            [
              27.1993091,
              44.8040225
            ],
            [
              27.19807,
              44.8047899
            ],
            [
              27.1890598,
              44.8068883
            ],
            [
              27.1911727,
              44.8117804
            ],
            [
              27.2115531,
              44.806886
            ],
            [
              27.2178971,
              44.8259453
            ],
            [
              27.2314912,
              44.8592987
            ],
            [
              27.2220541,
              44.8615468
            ],
            [
              27.2211899,
              44.8605206
            ],
            [
              27.2129158,
              44.8638064
            ],
            [
              27.2160324,
              44.8712829
            ],
            [
              27.2105981,
              44.872702
            ],
            [
              27.2111768,
              44.8738431
            ],
            [
              27.2349003,
              44.869128
            ],
            [
              27.2447019,
              44.897286
            ],
            [
              27.2554149,
              44.9182964
            ],
            [
              27.2662897,
              44.9477312
            ],
            [
              27.2808664,
              44.9951018
            ],
            [
              27.280139,
              44.9976462
            ],
            [
              27.276009,
              44.9955228
            ],
            [
              27.2753266,
              44.993755
            ],
            [
              27.2688963,
              44.9958763
            ],
            [
              27.249277,
              44.9949234
            ],
            [
              27.2533218,
              45.0209868
            ],
            [
              27.2463716,
              45.0205353
            ],
            [
              27.2477284,
              45.0271333
            ],
            [
              27.197564,
              45.0280413
            ],
            [
              27.2000887,
              45.0547893
            ],
            [
              27.2025854,
              45.0639442
            ],
            [
              27.2061032,
              45.0696578
            ],
            [
              27.2025059,
              45.069161
            ],
            [
              27.2054252,
              45.0925879
            ],
            [
              27.1886559,
              45.0920804
            ],
            [
              27.1877961,
              45.0875663
            ],
            [
              27.181544,
              45.0874448
            ],
            [
              27.1777824,
              45.0912197
            ],
            [
              27.1778741,
              45.0938761
            ],
            [
              27.1751849,
              45.0967706
            ],
            [
              27.1754958,
              45.1057167
            ],
            [
              27.1821658,
              45.1060469
            ],
            [
              27.1822954,
              45.1073584
            ],
            [
              27.18481,
              45.106794
            ],
            [
              27.1873906,
              45.1090126
            ],
            [
              27.1826244,
              45.1124252
            ],
            [
              27.1790987,
              45.1132691
            ],
            [
              27.1670213,
              45.1098132
            ],
            [
              27.1517182,
              45.1568617
            ],
            [
              27.1518653,
              45.1615521
            ],
            [
              27.1495887,
              45.1712197
            ],
            [
              27.1119557,
              45.1563967
            ],
            [
              27.113622,
              45.1546935
            ],
            [
              27.1092856,
              45.1529736
            ],
            [
              27.1144964,
              45.1374294
            ],
            [
              27.0976608,
              45.1304632
            ],
            [
              27.0928606,
              45.1350743
            ],
            [
              27.0909402,
              45.1391748
            ],
            [
              27.0880514,
              45.139818
            ],
            [
              27.0794626,
              45.1482079
            ],
            [
              27.0757939,
              45.1494418
            ],
            [
              27.071587,
              45.1561314
            ],
            [
              27.0680291,
              45.1555066
            ],
            [
              27.066304,
              45.1584808
            ],
            [
              27.0843789,
              45.1798651
            ],
            [
              27.0994929,
              45.1892517
            ],
            [
              27.1102407,
              45.1995477
            ],
            [
              27.1148136,
              45.201956
            ],
            [
              27.1182246,
              45.2071831
            ],
            [
              27.1206951,
              45.2142356
            ],
            [
              27.1182828,
              45.2148838
            ],
            [
              27.122106,
              45.2176025
            ],
            [
              27.1253434,
              45.2149384
            ],
            [
              27.1750952,
              45.2493368
            ],
            [
              27.2106167,
              45.2236525
            ],
            [
              27.239074,
              45.2099222
            ],
            [
              27.2426839,
              45.2202706
            ],
            [
              27.2836863,
              45.2000988
            ],
            [
              27.2923974,
              45.2134788
            ],
            [
              27.3037568,
              45.2136068
            ],
            [
              27.3065078,
              45.2113105
            ],
            [
              27.3078094,
              45.2121691
            ],
            [
              27.3151874,
              45.2106066
            ],
            [
              27.3209461,
              45.2164717
            ],
            [
              27.3353737,
              45.21084
            ],
            [
              27.3500937,
              45.2122251
            ],
            [
              27.3395365,
              45.2157018
            ],
            [
              27.3484108,
              45.2245963
            ],
            [
              27.3439575,
              45.2260061
            ],
            [
              27.3517437,
              45.2314042
            ],
            [
              27.3278549,
              45.2387469
            ],
            [
              27.33983,
              45.2527364
            ],
            [
              27.3193743,
              45.2615003
            ],
            [
              27.3280271,
              45.276032
            ],
            [
              27.3219939,
              45.2791421
            ],
            [
              27.3167776,
              45.2856199
            ],
            [
              27.3136884,
              45.2872902
            ],
            [
              27.3125245,
              45.2921952
            ],
            [
              27.3257308,
              45.2918073
            ],
            [
              27.3320893,
              45.2885275
            ],
            [
              27.3351925,
              45.2841994
            ],
            [
              27.365669,
              45.2726463
            ],
            [
              27.3680825,
              45.2725687
            ],
            [
              27.373871,
              45.2760753
            ],
            [
              27.3717428,
              45.2817159
            ],
            [
              27.3805322,
              45.2834891
            ],
            [
              27.3844732,
              45.283065
            ],
            [
              27.3857002,
              45.2851202
            ],
            [
              27.3901694,
              45.2866833
            ],
            [
              27.3895795,
              45.2895538
            ],
            [
              27.3871763,
              45.2898361
            ],
            [
              27.3868595,
              45.293192
            ],
            [
              27.3884663,
              45.2993469
            ],
            [
              27.3890637,
              45.3126479
            ],
            [
              27.3869342,
              45.3180375
            ],
            [
              27.3814729,
              45.3235411
            ],
            [
              27.3815711,
              45.3262434
            ],
            [
              27.3797846,
              45.3297644
            ],
            [
              27.3931767,
              45.3316205
            ],
            [
              27.3915045,
              45.3372838
            ],
            [
              27.408855,
              45.3403869
            ],
            [
              27.4065415,
              45.3408056
            ],
            [
              27.4097403,
              45.3427215
            ],
            [
              27.407821,
              45.3436843
            ],
            [
              27.407875,
              45.3529605
            ],
            [
              27.3995747,
              45.3582638
            ],
            [
              27.398408,
              45.3615504
            ],
            [
              27.4045693,
              45.363402
            ],
            [
              27.4068956,
              45.3613863
            ],
            [
              27.4417392,
              45.375741
            ],
            [
              27.4347603,
              45.3947091
            ],
            [
              27.4153346,
              45.3854717
            ],
            [
              27.4014697,
              45.3770194
            ],
            [
              27.3944455,
              45.3833158
            ],
            [
              27.3798417,
              45.3751103
            ],
            [
              27.3554216,
              45.3711982
            ],
            [
              27.3366259,
              45.3713346
            ],
            [
              27.3395847,
              45.3835116
            ],
            [
              27.2700348,
              45.3902096
            ],
            [
              27.2646242,
              45.4205015
            ],
            [
              27.2654978,
              45.4223597
            ],
            [
              27.2727951,
              45.4255443
            ],
            [
              27.2735395,
              45.4281626
            ],
            [
              27.2802634,
              45.4268286
            ],
            [
              27.2769871,
              45.4322353
            ],
            [
              27.2811317,
              45.4335361
            ],
            [
              27.2795001,
              45.4543513
            ],
            [
              27.2567312,
              45.4494179
            ],
            [
              27.2540868,
              45.4437759
            ],
            [
              27.251479,
              45.4439822
            ],
            [
              27.2468896,
              45.4409326
            ],
            [
              27.2445222,
              45.4379604
            ],
            [
              27.2465214,
              45.4346589
            ],
            [
              27.2439557,
              45.4343569
            ],
            [
              27.2410352,
              45.4299161
            ],
            [
              27.2380096,
              45.4329613
            ],
            [
              27.2345722,
              45.4307513
            ],
            [
              27.2305425,
              45.430773
            ],
            [
              27.2285216,
              45.4280033
            ],
            [
              27.2234392,
              45.4275851
            ],
            [
              27.2121251,
              45.4409546
            ],
            [
              27.2042877,
              45.4528386
            ],
            [
              27.199684,
              45.4506817
            ],
            [
              27.1944082,
              45.4533681
            ],
            [
              27.1828128,
              45.4373703
            ],
            [
              27.1740281,
              45.4316253
            ],
            [
              27.1747684,
              45.4276724
            ],
            [
              27.1479249,
              45.416422
            ],
            [
              27.143526,
              45.4105023
            ],
            [
              27.131853,
              45.4086344
            ],
            [
              27.1148475,
              45.4092998
            ],
            [
              27.1200641,
              45.4208103
            ],
            [
              27.1040876,
              45.4260356
            ],
            [
              27.1127032,
              45.4347541
            ],
            [
              27.1066545,
              45.4385237
            ],
            [
              27.1160276,
              45.4419926
            ],
            [
              27.1204244,
              45.4476945
            ],
            [
              27.1312566,
              45.4473059
            ],
            [
              27.1353393,
              45.4500451
            ],
            [
              27.1352829,
              45.4512691
            ],
            [
              27.1394381,
              45.4501455
            ],
            [
              27.1429496,
              45.4513329
            ],
            [
              27.1453981,
              45.4550802
            ],
            [
              27.1467871,
              45.4547223
            ],
            [
              27.1582834,
              45.465208
            ],
            [
              27.1402376,
              45.4728323
            ],
            [
              27.1385927,
              45.4678608
            ],
            [
              27.1361727,
              45.4655773
            ],
            [
              27.1302443,
              45.4671118
            ],
            [
              27.1272506,
              45.4662696
            ],
            [
              27.1261859,
              45.4666228
            ],
            [
              27.1274676,
              45.4689162
            ],
            [
              27.1092845,
              45.4748933
            ],
            [
              27.1090831,
              45.4688163
            ],
            [
              27.1036746,
              45.4705868
            ],
            [
              27.1003104,
              45.4583268
            ],
            [
              27.0976766,
              45.4585019
            ],
            [
              27.0899409,
              45.4458981
            ],
            [
              27.0723027,
              45.4484239
            ],
            [
              27.0670466,
              45.4480314
            ],
            [
              27.0587087,
              45.4511651
            ],
            [
              27.0454463,
              45.4525758
            ],
            [
              27.0377931,
              45.4608922
            ],
            [
              27.0182135,
              45.4781286
            ],
            [
              27.0022308,
              45.4848728
            ],
            [
              27.0013567,
              45.4913528
            ],
            [
              26.9906627,
              45.5074352
            ],
            [
              26.9855225,
              45.5114875
            ],
            [
              26.9840701,
              45.5180716
            ],
            [
              26.9850963,
              45.5195966
            ],
            [
              26.9805236,
              45.5226883
            ],
            [
              26.9798478,
              45.5271687
            ],
            [
              26.9750736,
              45.53197
            ],
            [
              26.9872596,
              45.5366535
            ],
            [
              26.9858538,
              45.537734
            ],
            [
              26.9733426,
              45.5333
            ],
            [
              26.9711732,
              45.5353663
            ],
            [
              26.9674852,
              45.5333645
            ],
            [
              26.9641421,
              45.5336809
            ],
            [
              26.963353,
              45.5307218
            ],
            [
              26.955407,
              45.5290132
            ],
            [
              26.9482968,
              45.5218687
            ],
            [
              26.9461448,
              45.5250385
            ],
            [
              26.9405468,
              45.5254931
            ],
            [
              26.9419041,
              45.530527
            ],
            [
              26.9392929,
              45.5304037
            ],
            [
              26.9385444,
              45.5320233
            ],
            [
              26.933648,
              45.5327973
            ],
            [
              26.9332987,
              45.5311491
            ],
            [
              26.9298983,
              45.5315738
            ],
            [
              26.9282436,
              45.5347545
            ],
            [
              26.9262483,
              45.5353604
            ],
            [
              26.9203085,
              45.5349334
            ],
            [
              26.9182694,
              45.5325775
            ],
            [
              26.9147393,
              45.5354259
            ],
            [
              26.906081,
              45.5328356
            ],
            [
              26.9065127,
              45.5356605
            ],
            [
              26.9033643,
              45.5386525
            ],
            [
              26.900699,
              45.5347419
            ],
            [
              26.9001979,
              45.523427
            ],
            [
              26.8988878,
              45.5227704
            ],
            [
              26.8966693,
              45.5243376
            ],
            [
              26.8940537,
              45.522943
            ],
            [
              26.8901674,
              45.5168084
            ],
            [
              26.8854669,
              45.5162855
            ],
            [
              26.86863,
              45.5232794
            ],
            [
              26.8586912,
              45.5249382
            ],
            [
              26.8544324,
              45.5242473
            ],
            [
              26.853052,
              45.5253578
            ],
            [
              26.8403496,
              45.5207881
            ],
            [
              26.8380561,
              45.5213377
            ],
            [
              26.8339228,
              45.5178371
            ],
            [
              26.8245264,
              45.5230599
            ],
            [
              26.8202767,
              45.529232
            ],
            [
              26.8176267,
              45.5287552
            ],
            [
              26.813668,
              45.5365465
            ],
            [
              26.8117496,
              45.537516
            ],
            [
              26.8095154,
              45.5422064
            ],
            [
              26.8077633,
              45.5427852
            ],
            [
              26.8084892,
              45.5449653
            ],
            [
              26.8075427,
              45.5467688
            ],
            [
              26.8054235,
              45.5478489
            ],
            [
              26.799872,
              45.5476701
            ],
            [
              26.795184,
              45.5503075
            ],
            [
              26.7924736,
              45.5504794
            ],
            [
              26.7921573,
              45.5522599
            ],
            [
              26.7880256,
              45.5494182
            ],
            [
              26.7822181,
              45.547774
            ],
            [
              26.7798389,
              45.5505719
            ],
            [
              26.7747058,
              45.548582
            ],
            [
              26.772713,
              45.5503805
            ],
            [
              26.7667605,
              45.5513843
            ],
            [
              26.76408,
              45.5491604
            ],
            [
              26.7606538,
              45.5488034
            ],
            [
              26.7615332,
              45.5510815
            ],
            [
              26.7591599,
              45.5504138
            ],
            [
              26.7597172,
              45.5488399
            ],
            [
              26.7571146,
              45.5485368
            ],
            [
              26.7542194,
              45.5500523
            ],
            [
              26.7484504,
              45.5484133
            ],
            [
              26.7432584,
              45.5506282
            ],
            [
              26.7438162,
              45.5525821
            ],
            [
              26.7391024,
              45.5568687
            ],
            [
              26.7468532,
              45.5625151
            ],
            [
              26.7433922,
              45.5664649
            ],
            [
              26.7368407,
              45.5709143
            ],
            [
              26.7286469,
              45.5711988
            ],
            [
              26.7258311,
              45.5724785
            ],
            [
              26.7206536,
              45.5709088
            ],
            [
              26.7188795,
              45.5719258
            ],
            [
              26.7168898,
              45.5739213
            ],
            [
              26.7160888,
              45.5776266
            ],
            [
              26.7131048,
              45.5776973
            ],
            [
              26.7121861,
              45.580054
            ],
            [
              26.7082046,
              45.5835318
            ],
            [
              26.7023246,
              45.5866052
            ],
            [
              26.7023341,
              45.5886508
            ],
            [
              26.6999674,
              45.5907675
            ],
            [
              26.698923,
              45.5940202
            ],
            [
              26.692416,
              45.5970702
            ],
            [
              26.6898631,
              45.6003925
            ],
            [
              26.6848029,
              45.6019112
            ],
            [
              26.6821012,
              45.6048589
            ],
            [
              26.681552,
              45.6087005
            ],
            [
              26.667378,
              45.6102658
            ],
            [
              26.6658744,
              45.6115547
            ],
            [
              26.6477796,
              45.6090378
            ],
            [
              26.641508,
              45.6131692
            ],
            [
              26.6409823,
              45.614829
            ],
            [
              26.6337496,
              45.6163028
            ],
            [
              26.6256054,
              45.6214841
            ],
            [
              26.6234784,
              45.6249824
            ],
            [
              26.6152779,
              45.6280417
            ],
            [
              26.608812,
              45.6274585
            ],
            [
              26.6010233,
              45.6227034
            ],
            [
              26.593553,
              45.6203486
            ],
            [
              26.5869626,
              45.6241936
            ],
            [
              26.5866195,
              45.625917
            ],
            [
              26.5810872,
              45.6285765
            ],
            [
              26.579685,
              45.6333041
            ],
            [
              26.5764202,
              45.6328065
            ],
            [
              26.5737241,
              45.6343591
            ],
            [
              26.5667437,
              45.6292656
            ],
            [
              26.5609771,
              45.627871
            ],
            [
              26.5537187,
              45.630287
            ],
            [
              26.5514016,
              45.6293813
            ],
            [
              26.5448029,
              45.634558
            ],
            [
              26.544941,
              45.6363635
            ],
            [
              26.5414842,
              45.6417751
            ],
            [
              26.530084,
              45.6408412
            ],
            [
              26.5253433,
              45.647227
            ],
            [
              26.517931,
              45.6512468
            ],
            [
              26.5083865,
              45.6668031
            ],
            [
              26.5008059,
              45.6730155
            ],
            [
              26.4928343,
              45.6768946
            ],
            [
              26.4871987,
              45.6875145
            ],
            [
              26.4870369,
              45.6919531
            ],
            [
              26.48949,
              45.6937274
            ],
            [
              26.4839248,
              45.697906
            ],
            [
              26.4830018,
              45.701144
            ],
            [
              26.4754307,
              45.7014757
            ],
            [
              26.4671792,
              45.7045659
            ],
            [
              26.465249,
              45.709256
            ],
            [
              26.4668159,
              45.7193207
            ],
            [
              26.4589839,
              45.7256462
            ],
            [
              26.4430287,
              45.7311587
            ],
            [
              26.4429046,
              45.7353678
            ],
            [
              26.4357431,
              45.7396711
            ],
            [
              26.438802,
              45.7425302
            ],
            [
              26.4379889,
              45.7463164
            ],
            [
              26.4433945,
              45.7515636
            ],
            [
              26.4427131,
              45.7625714
            ],
            [
              26.440297,
              45.7663661
            ],
            [
              26.4404725,
              45.7694915
            ],
            [
              26.44278,
              45.7730693
            ],
            [
              26.4409754,
              45.7763659
            ],
            [
              26.4328401,
              45.7813259
            ],
            [
              26.4297282,
              45.7865352
            ],
            [
              26.4267556,
              45.7884491
            ],
            [
              26.4182219,
              45.7913731
            ],
            [
              26.4098915,
              45.7902366
            ],
            [
              26.4011221,
              45.7980826
            ],
            [
              26.3955151,
              45.7992592
            ],
            [
              26.3910693,
              45.8031418
            ],
            [
              26.3862794,
              45.8048049
            ],
            [
              26.3843252,
              45.8067572
            ],
            [
              26.3819289,
              45.8140249
            ],
            [
              26.3768561,
              45.8177543
            ],
            [
              26.3749404,
              45.8209102
            ],
            [
              26.3781898,
              45.8270177
            ],
            [
              26.3770825,
              45.837112
            ],
            [
              26.3745514,
              45.8411624
            ],
            [
              26.3710472,
              45.8432632
            ],
            [
              26.3723803,
              45.8503718
            ],
            [
              26.3736959,
              45.8519037
            ],
            [
              26.3732788,
              45.8557187
            ],
            [
              26.3755006,
              45.8589822
            ],
            [
              26.3813053,
              45.8627754
            ],
            [
              26.3819696,
              45.8653791
            ],
            [
              26.3854403,
              45.8685497
            ],
            [
              26.3871308,
              45.8748395
            ],
            [
              26.38487,
              45.8833202
            ],
            [
              26.3780311,
              45.8894153
            ],
            [
              26.3781607,
              45.8981052
            ],
            [
              26.3759754,
              45.9028345
            ],
            [
              26.375811,
              45.9065274
            ],
            [
              26.3760109,
              45.9077156
            ],
            [
              26.3811807,
              45.9098558
            ],
            [
              26.3811611,
              45.9159281
            ],
            [
              26.3824771,
              45.9174005
            ],
            [
              26.3940865,
              45.9211893
            ],
            [
              26.3929866,
              45.924953
            ],
            [
              26.3892984,
              45.9275573
            ],
            [
              26.3893504,
              45.9296402
            ],
            [
              26.3918249,
              45.9330631
            ],
            [
              26.3872344,
              45.9408637
            ],
            [
              26.3914627,
              45.9458664
            ],
            [
              26.3911955,
              45.9522393
            ],
            [
              26.3896636,
              45.9558296
            ],
            [
              26.3950043,
              45.9611824
            ],
            [
              26.3972497,
              45.96562
            ],
            [
              26.4062876,
              45.9719401
            ],
            [
              26.4170413,
              45.9751439
            ],
            [
              26.4239336,
              45.9808903
            ],
            [
              26.4369443,
              45.9887016
            ],
            [
              26.4378721,
              45.9915473
            ],
            [
              26.4337494,
              45.9972551
            ],
            [
              26.4337154,
              46.0025537
            ],
            [
              26.4362313,
              46.0073436
            ],
            [
              26.4455179,
              46.0162144
            ],
            [
              26.4460148,
              46.0188869
            ],
            [
              26.4411779,
              46.0234728
            ],
            [
              26.4375645,
              46.0355433
            ],
            [
              26.4400116,
              46.0388885
            ],
            [
              26.4603674,
              46.0351422
            ],
            [
              26.4772331,
              46.0399483
            ],
            [
              26.4800352,
              46.0447908
            ],
            [
              26.491727,
              46.0452216
            ],
            [
              26.4940986,
              46.0423206
            ],
            [
              26.5015467,
              46.0389191
            ],
            [
              26.5053311,
              46.0331177
            ],
            [
              26.5156523,
              46.0269216
            ],
            [
              26.5271715,
              46.0281741
            ],
            [
              26.531907,
              46.0261594
            ],
            [
              26.5357404,
              46.0279009
            ],
            [
              26.5400557,
              46.0233032
            ],
            [
              26.5484467,
              46.0241879
            ],
            [
              26.5511231,
              46.0224137
            ],
            [
              26.5519954,
              46.0201276
            ],
            [
              26.5594901,
              46.0203398
            ],
            [
              26.5726031,
              46.0168393
            ],
            [
              26.5797842,
              46.0216006
            ],
            [
              26.5820517,
              46.0252348
            ],
            [
              26.5823965,
              46.0281616
            ],
            [
              26.5856067,
              46.032122
            ],
            [
              26.5845455,
              46.0350228
            ],
            [
              26.5860832,
              46.0404318
            ],
            [
              26.5910383,
              46.0409941
            ],
            [
              26.5984307,
              46.044409
            ],
            [
              26.6014427,
              46.0473927
            ],
            [
              26.6081471,
              46.0447827
            ],
            [
              26.6154219,
              46.0491884
            ],
            [
              26.6185838,
              46.0531412
            ],
            [
              26.6234661,
              46.0534198
            ],
            [
              26.6253219,
              46.0558668
            ],
            [
              26.6341048,
              46.0575102
            ],
            [
              26.6337255,
              46.0609926
            ],
            [
              26.6408535,
              46.065599
            ],
            [
              26.6410565,
              46.0685692
            ],
            [
              26.6395417,
              46.0707099
            ],
            [
              26.6447019,
              46.0751383
            ],
            [
              26.6460863,
              46.0743818
            ],
            [
              26.6533776,
              46.0793387
            ],
            [
              26.664908,
              46.0793347
            ],
            [
              26.6708715,
              46.0770982
            ],
            [
              26.6813913,
              46.0793029
            ],
            [
              26.6829406,
              46.0802237
            ],
            [
              26.6823566,
              46.0823635
            ],
            [
              26.6838135,
              46.0843159
            ],
            [
              26.6909259,
              46.0880532
            ],
            [
              26.6945911,
              46.0880275
            ],
            [
              26.6975755,
              46.0909551
            ],
            [
              26.7046134,
              46.0938854
            ],
            [
              26.717757,
              46.0890399
            ],
            [
              26.7336576,
              46.0953987
            ],
            [
              26.7368348,
              46.0933971
            ],
            [
              26.7402234,
              46.0874122
            ],
            [
              26.746878,
              46.089127
            ],
            [
              26.7536705,
              46.0875037
            ],
            [
              26.7584345,
              46.0892276
            ],
            [
              26.7621155,
              46.0865556
            ],
            [
              26.7675233,
              46.0899401
            ],
            [
              26.7736073,
              46.0890907
            ],
            [
              26.7778504,
              46.0935563
            ],
            [
              26.7807715,
              46.093904
            ],
            [
              26.783085,
              46.0900342
            ],
            [
              26.7863222,
              46.0880147
            ],
            [
              26.7851712,
              46.0856608
            ],
            [
              26.7886284,
              46.0819082
            ],
            [
              26.787987,
              46.0786358
            ],
            [
              26.7973386,
              46.0775252
            ],
            [
              26.8011895,
              46.0758081
            ],
            [
              26.8017606,
              46.0707543
            ],
            [
              26.8039093,
              46.069979
            ],
            [
              26.8071056,
              46.0657855
            ],
            [
              26.8248742,
              46.0723215
            ],
            [
              26.8264382,
              46.0708066
            ],
            [
              26.8294977,
              46.0705497
            ],
            [
              26.8449787,
              46.0714173
            ],
            [
              26.8454727,
              46.0748347
            ],
            [
              26.8480895,
              46.0786988
            ],
            [
              26.8627111,
              46.0805345
            ],
            [
              26.8659779,
              46.0844807
            ],
            [
              26.8701411,
              46.0851411
            ],
            [
              26.8772278,
              46.0818942
            ],
            [
              26.8863641,
              46.0807888
            ],
            [
              26.891679,
              46.0774413
            ],
            [
              26.8954337,
              46.0788268
            ],
            [
              26.9016774,
              46.0758844
            ],
            [
              26.9047852,
              46.076122
            ],
            [
              26.9059722,
              46.0732184
            ],
            [
              26.9184618,
              46.0695806
            ],
            [
              26.9233912,
              46.0655155
            ],
            [
              26.9278093,
              46.0663001
            ],
            [
              26.9326544,
              46.0645639
            ],
            [
              26.9373356,
              46.0669603
            ],
            [
              26.9369905,
              46.0701599
            ],
            [
              26.9395422,
              46.0738762
            ],
            [
              26.9399482,
              46.0777406
            ],
            [
              26.9479451,
              46.080652
            ],
            [
              26.9527031,
              46.0862117
            ],
            [
              26.9507006,
              46.0978508
            ],
            [
              26.9456599,
              46.0998188
            ],
            [
              26.9515741,
              46.1043441
            ],
            [
              26.9612156,
              46.1087176
            ],
            [
              26.9684096,
              46.1107973
            ],
            [
              26.9776774,
              46.1110815
            ],
            [
              26.9835787,
              46.1132638
            ],
            [
              26.9900124,
              46.1129703
            ],
            [
              26.9954727,
              46.1100888
            ],
            [
              27.0019474,
              46.109707
            ],
            [
              27.0119982,
              46.1056395
            ],
            [
              27.0177675,
              46.105976
            ],
            [
              27.0237863,
              46.1031961
            ],
            [
              27.02938,
              46.102246
            ],
            [
              27.0320334,
              46.0989938
            ],
            [
              27.0421299,
              46.098314
            ],
            [
              27.0453985,
              46.0955423
            ],
            [
              27.0560649,
              46.0943953
            ],
            [
              27.0731835,
              46.0876787
            ],
            [
              27.0794511,
              46.0882285
            ],
            [
              27.0826598,
              46.0904185
            ],
            [
              27.0825761,
              46.0928549
            ],
            [
              27.0845117,
              46.0952877
            ],
            [
              27.0867255,
              46.093362
            ],
            [
              27.1056461,
              46.0887017
            ],
            [
              27.1065368,
              46.0913453
            ],
            [
              27.1047761,
              46.0928972
            ],
            [
              27.1051953,
              46.1050218
            ],
            [
              27.0984271,
              46.1051612
            ],
            [
              27.0964437,
              46.1073528
            ],
            [
              27.0878396,
              46.1086062
            ],
            [
              27.0861291,
              46.1115058
            ],
            [
              27.1114619,
              46.1090915
            ],
            [
              27.1229692,
              46.1040922
            ],
            [
              27.1319223,
              46.1170781
            ],
            [
              27.1361278,
              46.1144815
            ],
            [
              27.1385656,
              46.1182961
            ],
            [
              27.1332373,
              46.120606
            ],
            [
              27.1401146,
              46.1341952
            ],
            [
              27.1294693,
              46.1383216
            ],
            [
              27.1272488,
              46.137812
            ],
            [
              27.1248213,
              46.1428957
            ],
            [
              27.1265666,
              46.1433487
            ],
            [
              27.123624,
              46.1474833
            ],
            [
              27.1308422,
              46.1497684
            ],
            [
              27.1701708,
              46.1696053
            ],
            [
              27.1656881,
              46.1721248
            ],
            [
              27.1646457,
              46.1746736
            ],
            [
              27.1664966,
              46.1767658
            ],
            [
              27.1694445,
              46.1738524
            ],
            [
              27.1732319,
              46.1776987
            ],
            [
              27.1732423,
              46.1812796
            ],
            [
              27.1771778,
              46.1809283
            ],
            [
              27.1840507,
              46.1722838
            ],
            [
              27.185839,
              46.1719244
            ],
            [
              27.187757,
              46.1726191
            ],
            [
              27.1877894,
              46.1759135
            ],
            [
              27.1908973,
              46.1799535
            ],
            [
              27.190424,
              46.186666
            ],
            [
              27.1941471,
              46.1876099
            ],
            [
              27.1970937,
              46.1851478
            ],
            [
              27.1981804,
              46.1856011
            ],
            [
              27.200685,
              46.1792962
            ],
            [
              27.2119903,
              46.1851312
            ],
            [
              27.2104641,
              46.1866661
            ],
            [
              27.2216828,
              46.1913644
            ],
            [
              27.2261873,
              46.1868478
            ],
            [
              27.2355291,
              46.1895961
            ],
            [
              27.2393672,
              46.1783273
            ],
            [
              27.245776,
              46.1778824
            ],
            [
              27.2469707,
              46.1799929
            ],
            [
              27.2506605,
              46.180824
            ],
            [
              27.2698861,
              46.1832198
            ],
            [
              27.2669734,
              46.1909787
            ],
            [
              27.2642432,
              46.1941418
            ],
            [
              27.262731,
              46.2004213
            ],
            [
              27.2779663,
              46.2013301
            ],
            [
              27.2950888,
              46.2041817
            ],
            [
              27.2978818,
              46.2032237
            ],
            [
              27.2992052,
              46.2045352
            ],
            [
              27.3066227,
              46.2061765
            ],
            [
              27.3094081,
              46.205423
            ],
            [
              27.3089072,
              46.2030622
            ],
            [
              27.3179608,
              46.2027678
            ],
            [
              27.3180466,
              46.1952492
            ],
            [
              27.3192837,
              46.195196
            ],
            [
              27.3192929,
              46.1919153
            ],
            [
              27.3151728,
              46.189799
            ],
            [
              27.3141896,
              46.183795
            ],
            [
              27.3219749,
              46.1840245
            ],
            [
              27.3269185,
              46.1812498
            ],
            [
              27.323925,
              46.1797335
            ],
            [
              27.3303669,
              46.1794359
            ],
            [
              27.3339022,
              46.1684839
            ],
            [
              27.3381019,
              46.1697367
            ],
            [
              27.3504019,
              46.1688982
            ],
            [
              27.3510006,
              46.1620654
            ],
            [
              27.3470102,
              46.157006
            ],
            [
              27.3500329,
              46.1527167
            ],
            [
              27.3529226,
              46.1526138
            ],
            [
              27.3540071,
              46.153458
            ],
            [
              27.3534683,
              46.1548296
            ],
            [
              27.3586053,
              46.1551729
            ],
            [
              27.3603603,
              46.1568203
            ],
            [
              27.3746311,
              46.1574304
            ],
            [
              27.3736494,
              46.1606908
            ],
            [
              27.3751372,
              46.1636457
            ],
            [
              27.3764154,
              46.1648291
            ],
            [
              27.3809625,
              46.165078
            ],
            [
              27.3759133,
              46.1781785
            ],
            [
              27.3769633,
              46.1860029
            ],
            [
              27.3789769,
              46.1899113
            ],
            [
              27.38586,
              46.1893959
            ],
            [
              27.3849582,
              46.1919178
            ],
            [
              27.3878605,
              46.1938306
            ],
            [
              27.3938787,
              46.1942659
            ],
            [
              27.419982,
              46.1938029
            ],
            [
              27.4156552,
              46.1892578
            ],
            [
              27.4221085,
              46.1899894
            ],
            [
              27.4339964,
              46.1889093
            ],
            [
              27.4377971,
              46.1850552
            ],
            [
              27.4480355,
              46.1842143
            ],
            [
              27.4535113,
              46.1728723
            ],
            [
              27.4503174,
              46.17212
            ],
            [
              27.4545578,
              46.1628333
            ],
            [
              27.4579211,
              46.1603758
            ],
            [
              27.4591697,
              46.1574323
            ],
            [
              27.4662376,
              46.1571586
            ],
            [
              27.4645149,
              46.1619007
            ],
            [
              27.4673533,
              46.1579299
            ],
            [
              27.4730314,
              46.1611856
            ],
            [
              27.4758826,
              46.1606371
            ],
            [
              27.4788657,
              46.1675962
            ],
            [
              27.4929411,
              46.1624668
            ],
            [
              27.4922218,
              46.1580697
            ],
            [
              27.486789,
              46.1533314
            ],
            [
              27.4846922,
              46.1453379
            ],
            [
              27.5024548,
              46.1432594
            ],
            [
              27.5045698,
              46.1340277
            ],
            [
              27.5233754,
              46.1161435
            ],
            [
              27.5288282,
              46.108335
            ],
            [
              27.5352605,
              46.0956354
            ],
            [
              27.5346013,
              46.0941571
            ],
            [
              27.5242187,
              46.0920552
            ],
            [
              27.5204466,
              46.0888766
            ],
            [
              27.5228091,
              46.0860381
            ],
            [
              27.5171919,
              46.085361
            ],
            [
              27.5319364,
              46.067128
            ],
            [
              27.5155179,
              46.0562666
            ],
            [
              27.5169424,
              46.0546738
            ],
            [
              27.5159458,
              46.0535615
            ],
            [
              27.5205466,
              46.0512661
            ],
            [
              27.5272928,
              46.0441422
            ],
            [
              27.5413582,
              46.0202374
            ],
            [
              27.5524113,
              46.0120167
            ],
            [
              27.5509457,
              46.0109317
            ],
            [
              27.5621209,
              46.0066881
            ],
            [
              27.5625842,
              46.0028884
            ],
            [
              27.5869173,
              46.0076239
            ],
            [
              27.6044821,
              46.0193763
            ],
            [
              27.5959097,
              46.0276993
            ],
            [
              27.6048631,
              46.0359425
            ],
            [
              27.6011918,
              46.0384319
            ],
            [
              27.6021539,
              46.040137
            ],
            [
              27.5989515,
              46.0413147
            ],
            [
              27.5999794,
              46.0436541
            ],
            [
              27.5998874,
              46.0559275
            ],
            [
              27.6277123,
              46.0613948
            ],
            [
              27.6232037,
              46.0666342
            ],
            [
              27.6169983,
              46.0648464
            ],
            [
              27.6162147,
              46.0662705
            ],
            [
              27.6187277,
              46.0677577
            ],
            [
              27.61992,
              46.0710317
            ],
            [
              27.6144183,
              46.0733564
            ],
            [
              27.5900999,
              46.0693617
            ],
            [
              27.5872213,
              46.071809
            ],
            [
              27.586953,
              46.0735212
            ],
            [
              27.588274,
              46.0738258
            ],
            [
              27.6109587,
              46.0767902
            ],
            [
              27.6089544,
              46.0789818
            ],
            [
              27.6050268,
              46.0905244
            ],
            [
              27.6063622,
              46.0913403
            ],
            [
              27.5880794,
              46.1114031
            ],
            [
              27.5901805,
              46.1128171
            ],
            [
              27.5965498,
              46.1129434
            ],
            [
              27.5945728,
              46.1135972
            ],
            [
              27.5948676,
              46.1146422
            ],
            [
              27.5890104,
              46.12053
            ],
            [
              27.5922036,
              46.1207254
            ],
            [
              27.5911134,
              46.1239495
            ],
            [
              27.5989003,
              46.1215203
            ],
            [
              27.601324,
              46.1224224
            ],
            [
              27.6001828,
              46.1241942
            ],
            [
              27.5937681,
              46.1261806
            ],
            [
              27.5902582,
              46.1338361
            ],
            [
              27.5841445,
              46.1355249
            ],
            [
              27.5857351,
              46.1405453
            ],
            [
              27.581107,
              46.144553
            ],
            [
              27.5824806,
              46.147143
            ],
            [
              27.586475,
              46.1463911
            ],
            [
              27.5894467,
              46.1473327
            ],
            [
              27.5911194,
              46.1501778
            ],
            [
              27.5951155,
              46.1473363
            ],
            [
              27.6035822,
              46.1444826
            ],
            [
              27.6024222,
              46.141958
            ],
            [
              27.5994163,
              46.1424738
            ],
            [
              27.5978029,
              46.1392576
            ],
            [
              27.6001405,
              46.1381361
            ],
            [
              27.6000888,
              46.1362617
            ],
            [
              27.6029011,
              46.1351955
            ],
            [
              27.6024718,
              46.1322127
            ],
            [
              27.6074295,
              46.1305359
            ],
            [
              27.6102727,
              46.1362608
            ],
            [
              27.6170232,
              46.1339805
            ],
            [
              27.6182761,
              46.1346721
            ],
            [
              27.6182832,
              46.1365637
            ],
            [
              27.6266912,
              46.1343104
            ],
            [
              27.6278398,
              46.137148
            ],
            [
              27.6330653,
              46.1358493
            ],
            [
              27.6338961,
              46.1383813
            ],
            [
              27.6472216,
              46.1299007
            ],
            [
              27.6504793,
              46.140355
            ],
            [
              27.6675723,
              46.1330491
            ],
            [
              27.6716229,
              46.1328088
            ],
            [
              27.6752963,
              46.1368756
            ],
            [
              27.6728936,
              46.1384197
            ],
            [
              27.6759274,
              46.141395
            ],
            [
              27.6802028,
              46.1391929
            ],
            [
              27.6821026,
              46.1365834
            ],
            [
              27.6861624,
              46.1367278
            ],
            [
              27.6932007,
              46.1321683
            ],
            [
              27.6973183,
              46.1353854
            ],
            [
              27.6985485,
              46.134542
            ],
            [
              27.7101911,
              46.1385886
            ],
            [
              27.7110378,
              46.1292049
            ],
            [
              27.7418476,
              46.1298573
            ],
            [
              27.7432468,
              46.1272849
            ],
            [
              27.7624487,
              46.1281319
            ],
            [
              27.7636111,
              46.1153442
            ],
            [
              27.7785031,
              46.1124651
            ],
            [
              27.7779165,
              46.1097963
            ],
            [
              27.7823836,
              46.1123766
            ],
            [
              27.786051,
              46.1124509
            ],
            [
              27.7876824,
              46.1051448
            ],
            [
              27.7860011,
              46.1042222
            ],
            [
              27.7828927,
              46.1054892
            ],
            [
              27.789226,
              46.0983836
            ],
            [
              27.7873377,
              46.0975818
            ],
            [
              27.7881329,
              46.0949001
            ],
            [
              27.7915124,
              46.0958485
            ],
            [
              27.7905356,
              46.0976867
            ],
            [
              27.7919758,
              46.097318
            ],
            [
              27.7912856,
              46.1007223
            ],
            [
              27.7921122,
              46.1010665
            ],
            [
              27.7936519,
              46.1013314
            ],
            [
              27.7950757,
              46.0979399
            ],
            [
              27.8154651,
              46.1048221
            ],
            [
              27.8080543,
              46.1116432
            ],
            [
              27.8166336,
              46.1135845
            ],
            [
              27.8218895,
              46.1188283
            ],
            [
              27.8210274,
              46.1195837
            ],
            [
              27.8219619,
              46.1202458
            ],
            [
              27.8293261,
              46.1113521
            ],
            [
              27.838684,
              46.1156887
            ],
            [
              27.8301694,
              46.1271779
            ],
            [
              27.8337253,
              46.1279475
            ],
            [
              27.8389589,
              46.1259319
            ],
            [
              27.8453185,
              46.1263498
            ],
            [
              27.8451813,
              46.13163
            ],
            [
              27.8425985,
              46.1328516
            ],
            [
              27.8458944,
              46.133505
            ],
            [
              27.846887,
              46.1577681
            ],
            [
              27.8562348,
              46.1576834
            ],
            [
              27.8572105,
              46.1631061
            ],
            [
              27.8631153,
              46.1629911
            ],
            [
              27.862753,
              46.1614205
            ],
            [
              27.869132,
              46.1613115
            ],
            [
              27.8689195,
              46.160116
            ],
            [
              27.8726464,
              46.1580185
            ],
            [
              27.8695028,
              46.1592366
            ],
            [
              27.8687303,
              46.1571132
            ],
            [
              27.872964,
              46.1526639
            ],
            [
              27.8713686,
              46.1503728
            ],
            [
              27.871894,
              46.1455714
            ],
            [
              27.885338,
              46.145387
            ],
            [
              27.9107016,
              46.1538365
            ],
            [
              27.9149018,
              46.1492488
            ],
            [
              27.9171036,
              46.1486423
            ],
            [
              27.9262166,
              46.152477
            ],
            [
              27.9303919,
              46.1462939
            ],
            [
              27.9359701,
              46.1411802
            ],
            [
              27.9395628,
              46.1351233
            ],
            [
              27.9646144,
              46.1414558
            ],
            [
              27.9726963,
              46.1221153
            ],
            [
              27.9796745,
              46.1239108
            ],
            [
              27.9829394,
              46.1178445
            ],
            [
              27.9807964,
              46.1171297
            ],
            [
              27.9842567,
              46.1104966
            ],
            [
              28.0020563,
              46.1158492
            ],
            [
              28.0025523,
              46.1139322
            ],
            [
              28.0093338,
              46.1153425
            ],
            [
              28.0105497,
              46.1101866
            ],
            [
              28.0088958,
              46.1049376
            ],
            [
              28.0228296,
              46.1039787
            ],
            [
              28.0412877,
              46.1064482
            ],
            [
              28.0759258,
              46.1175271
            ],
            [
              28.1001267,
              46.1169941
            ],
            [
              28.1032456,
              46.1156704
            ],
            [
              28.1043146,
              46.1168253
            ],
            [
              28.1174376,
              46.1120366
            ],
            [
              28.1159724,
              46.1076415
            ],
            [
              28.1229352,
              46.1048935
            ],
            [
              28.1177135,
              46.1020814
            ],
            [
              28.1102424,
              46.1037919
            ],
            [
              28.1071576,
              46.0984061
            ],
            [
              28.1024669,
              46.0988284
            ],
            [
              28.1024986,
              46.0977522
            ],
            [
              28.1073008,
              46.0952316
            ],
            [
              28.1056171,
              46.0895162
            ],
            [
              28.1115946,
              46.0870825
            ],
            [
              28.1070669,
              46.0832067
            ],
            [
              28.1089278,
              46.0781741
            ],
            [
              28.1053111,
              46.0780544
            ],
            [
              28.1003305,
              46.0810326
            ],
            [
              28.0965269,
              46.0780625
            ],
            [
              28.0928757,
              46.0792968
            ],
            [
              28.0922316,
              46.0780266
            ],
            [
              28.0936127,
              46.0740812
            ],
            [
              28.0889947,
              46.0702309
            ],
            [
              28.0897396,
              46.068088
            ],
            [
              28.1006815,
              46.0638793
            ],
            [
              28.0975374,
              46.060097
            ],
            [
              28.0891114,
              46.0598193
            ],
            [
              28.0892762,
              46.0571761
            ],
            [
              28.0914426,
              46.0539297
            ],
            [
              28.0931129,
              46.0530356
            ],
            [
              28.1028324,
              46.0541454
            ],
            [
              28.1051373,
              46.0527725
            ],
            [
              28.1003728,
              46.047438
            ],
            [
              28.1036798,
              46.0430037
            ],
            [
              28.0971373,
              46.0434054
            ],
            [
              28.0955249,
              46.0398879
            ],
            [
              28.0902654,
              46.0347635
            ],
            [
              28.0907496,
              46.030408
            ],
            [
              28.087652,
              46.0201724
            ],
            [
              28.0951935,
              46.0169005
            ],
            [
              28.0957234,
              46.0149193
            ],
            [
              28.0853488,
              46.0082441
            ],
            [
              28.0868403,
              46.0062527
            ],
            [
              28.0912236,
              46.0050632
            ],
            [
              28.0965372,
              45.9973998
            ],
            [
              28.0969247,
              45.9939707
            ],
            [
              28.0992922,
              45.9906765
            ],
            [
              28.1051171,
              45.9893716
            ],
            [
              28.1039536,
              45.9848716
            ],
            [
              28.0988626,
              45.9817201
            ],
            [
              28.0981656,
              45.9783732
            ],
            [
              28.1070878,
              45.9782956
            ],
            [
              28.1063084,
              45.9754475
            ],
            [
              28.1014641,
              45.9726888
            ],
            [
              28.1083209,
              45.9684454
            ],
            [
              28.1084536,
              45.9669326
            ],
            [
              28.1046348,
              45.9635947
            ],
            [
              28.110893,
              45.9587174
            ],
            [
              28.1147432,
              45.9537903
            ],
            [
              28.1157057,
              45.9484249
            ],
            [
              28.1185188,
              45.9444581
            ],
            [
              28.1142093,
              45.9356874
            ],
            [
              28.1203014,
              45.9320675
            ],
            [
              28.1254756,
              45.9229078
            ],
            [
              28.1253046,
              45.9212795
            ],
            [
              28.1204295,
              45.918184
            ],
            [
              28.1196556,
              45.9135159
            ],
            [
              28.1160339,
              45.909234
            ],
            [
              28.120041,
              45.9012533
            ],
            [
              28.1182977,
              45.8998503
            ],
            [
              28.1121493,
              45.899308
            ],
            [
              28.1126494,
              45.8952146
            ],
            [
              28.1162962,
              45.8927383
            ],
            [
              28.1164848,
              45.8898663
            ],
            [
              28.1182733,
              45.8874908
            ],
            [
              28.113253,
              45.8858326
            ],
            [
              28.1125276,
              45.8843027
            ],
            [
              28.1154267,
              45.8826054
            ],
            [
              28.1209514,
              45.8835536
            ],
            [
              28.1235755,
              45.8821454
            ],
            [
              28.1270614,
              45.8852402
            ],
            [
              28.1305366,
              45.882142
            ],
            [
              28.1279439,
              45.877747
            ],
            [
              28.1328477,
              45.8766996
            ],
            [
              28.1280088,
              45.8714328
            ],
            [
              28.1274135,
              45.8630027
            ],
            [
              28.1205461,
              45.8636897
            ],
            [
              28.1143102,
              45.8600653
            ],
            [
              28.1088698,
              45.8606297
            ],
            [
              28.1054585,
              45.8594128
            ],
            [
              28.1105945,
              45.8510408
            ],
            [
              28.1139725,
              45.8491535
            ],
            [
              28.112132,
              45.8473168
            ],
            [
              28.1118574,
              45.844539
            ],
            [
              28.1051862,
              45.8430263
            ],
            [
              28.1087548,
              45.8410991
            ],
            [
              28.1098255,
              45.8377856
            ],
            [
              28.1127621,
              45.8344884
            ],
            [
              28.1087516,
              45.8305939
            ],
            [
              28.1119886,
              45.8268743
            ],
            [
              28.1093314,
              45.8243514
            ],
            [
              28.113106,
              45.8208303
            ],
            [
              28.1074403,
              45.8165257
            ],
            [
              28.1101693,
              45.8147064
            ],
            [
              28.1186169,
              45.8148725
            ],
            [
              28.1211436,
              45.806891
            ],
            [
              28.1195612,
              45.801836
            ],
            [
              28.1227456,
              45.7982203
            ],
            [
              28.1191996,
              45.7946172
            ],
            [
              28.1130008,
              45.7961091
            ],
            [
              28.1122099,
              45.7951853
            ],
            [
              28.1142242,
              45.7902508
            ],
            [
              28.120904,
              45.7909352
            ],
            [
              28.1216506,
              45.7884023
            ],
            [
              28.1263545,
              45.7839727
            ],
            [
              28.1350363,
              45.778362
            ],
            [
              28.1470656,
              45.7812135
            ],
            [
              28.151752,
              45.7836003
            ],
            [
              28.1540349,
              45.7822882
            ],
            [
              28.1523733,
              45.7797749
            ],
            [
              28.1557223,
              45.7781248
            ],
            [
              28.1542831,
              45.7741134
            ],
            [
              28.1497172,
              45.7730996
            ],
            [
              28.1497006,
              45.7698337
            ],
            [
              28.1479935,
              45.7678058
            ],
            [
              28.1496042,
              45.7640003
            ],
            [
              28.1448881,
              45.764168
            ],
            [
              28.1434891,
              45.760231
            ],
            [
              28.1519751,
              45.7539736
            ],
            [
              28.1497025,
              45.7509337
            ],
            [
              28.1511488,
              45.7442688
            ],
            [
              28.1561267,
              45.7439341
            ],
            [
              28.1576151,
              45.7397703
            ],
            [
              28.1668736,
              45.736241
            ],
            [
              28.1651104,
              45.7325784
            ],
            [
              28.1661062,
              45.7304475
            ],
            [
              28.1621522,
              45.7287956
            ],
            [
              28.1608063,
              45.7250508
            ],
            [
              28.1671333,
              45.7240013
            ],
            [
              28.1641395,
              45.716913
            ],
            [
              28.170711,
              45.7088679
            ],
            [
              28.1681421,
              45.7067703
            ],
            [
              28.1598858,
              45.7037903
            ],
            [
              28.1644652,
              45.6969935
            ],
            [
              28.1626311,
              45.6918556
            ],
            [
              28.1657748,
              45.6867308
            ],
            [
              28.1664758,
              45.6824884
            ],
            [
              28.171385,
              45.6796073
            ],
            [
              28.169412,
              45.6778832
            ],
            [
              28.1704146,
              45.6744676
            ],
            [
              28.1672622,
              45.6712422
            ],
            [
              28.1666528,
              45.6662428
            ],
            [
              28.162177,
              45.6606516
            ],
            [
              28.1659373,
              45.6534534
            ],
            [
              28.1638946,
              45.6519316
            ],
            [
              28.1586197,
              45.6518383
            ],
            [
              28.1578913,
              45.6507302
            ],
            [
              28.1601411,
              45.6493529
            ],
            [
              28.1709851,
              45.648856
            ],
            [
              28.1742738,
              45.6456296
            ],
            [
              28.171473,
              45.6404717
            ],
            [
              28.1567158,
              45.6365404
            ],
            [
              28.1515874,
              45.630858
            ],
            [
              28.1494919,
              45.6260423
            ],
            [
              28.145328,
              45.6247997
            ],
            [
              28.144675,
              45.6214696
            ],
            [
              28.1412187,
              45.6223155
            ],
            [
              28.1399914,
              45.6253506
            ],
            [
              28.1372644,
              45.6256984
            ],
            [
              28.1298713,
              45.6236038
            ],
            [
              28.1319804,
              45.6197853
            ],
            [
              28.1303281,
              45.6186903
            ],
            [
              28.1223016,
              45.6232677
            ],
            [
              28.1207536,
              45.6270897
            ],
            [
              28.1121572,
              45.6262972
            ],
            [
              28.1101298,
              45.621681
            ],
            [
              28.1004832,
              45.6184557
            ],
            [
              28.0995629,
              45.6158826
            ],
            [
              28.0905971,
              45.6109609
            ],
            [
              28.0889274,
              45.6093974
            ],
            [
              28.0885616,
              45.6045982
            ],
            [
              28.0924353,
              45.5980236
            ],
            [
              28.1007265,
              45.595373
            ],
            [
              28.1060304,
              45.588037
            ],
            [
              28.1130921,
              45.5863378
            ],
            [
              28.1183003,
              45.5803967
            ],
            [
              28.1210712,
              45.5791449
            ],
            [
              28.1172531,
              45.5755059
            ],
            [
              28.121618,
              45.5718667
            ],
            [
              28.1252847,
              45.5741286
            ],
            [
              28.1266872,
              45.5709001
            ],
            [
              28.1313133,
              45.5755685
            ],
            [
              28.1325068,
              45.5711607
            ],
            [
              28.1342308,
              45.570952
            ],
            [
              28.1357877,
              45.5730005
            ],
            [
              28.1347961,
              45.5770043
            ],
            [
              28.138839,
              45.5774316
            ],
            [
              28.1407802,
              45.5763016
            ],
            [
              28.1441814,
              45.5669423
            ],
            [
              28.1456197,
              45.5658588
            ],
            [
              28.1541314,
              45.5744386
            ],
            [
              28.1567226,
              45.5753617
            ],
            [
              28.1567471,
              45.5700836
            ],
            [
              28.1545095,
              45.5650956
            ],
            [
              28.1496197,
              45.5637607
            ],
            [
              28.1480911,
              45.5621735
            ],
            [
              28.1508172,
              45.5609402
            ],
            [
              28.158927,
              45.5609813
            ],
            [
              28.1552744,
              45.5546155
            ],
            [
              28.1609303,
              45.5469491
            ],
            [
              28.1654895,
              45.5453967
            ],
            [
              28.165681,
              45.537136
            ],
            [
              28.1620631,
              45.5332528
            ],
            [
              28.1651144,
              45.5311143
            ],
            [
              28.1664272,
              45.5278251
            ],
            [
              28.1647045,
              45.5239131
            ],
            [
              28.1590754,
              45.5255402
            ],
            [
              28.1567285,
              45.524104
            ],
            [
              28.1663296,
              45.5197622
            ],
            [
              28.1616701,
              45.5113781
            ],
            [
              28.1539793,
              45.5099275
            ],
            [
              28.1641788,
              45.507924
            ],
            [
              28.1624787,
              45.4999844
            ],
            [
              28.1721914,
              45.5009184
            ],
            [
              28.1761331,
              45.4957127
            ],
            [
              28.17922,
              45.4840867
            ],
            [
              28.1830863,
              45.4817675
            ],
            [
              28.1860471,
              45.4742726
            ],
            [
              28.2060731,
              45.4695039
            ],
            [
              28.208689,
              45.4673793
            ],
            [
              28.203063,
              45.4669632
            ],
            [
              28.198934,
              45.4645644
            ],
            [
              28.193922,
              45.4581741
            ],
            [
              28.1925632,
              45.4544791
            ],
            [
              28.1909377,
              45.4383448
            ],
            [
              28.1939376,
              45.4218171
            ],
            [
              28.1935974,
              45.4173005
            ],
            [
              28.1928718,
              45.4149389
            ],
            [
              28.1890464,
              45.413082
            ],
            [
              28.1857138,
              45.4124619
            ],
            [
              28.1762879,
              45.4147496
            ],
            [
              28.1476564,
              45.4304905
            ],
            [
              28.1269803,
              45.4389242
            ],
            [
              28.1073222,
              45.44126
            ],
            [
              28.0982596,
              45.4410891
            ],
            [
              28.0814623,
              45.4372484
            ],
            [
              28.060582,
              45.4281657
            ],
            [
              28.0401635,
              45.4165096
            ],
            [
              28.0337069,
              45.4096566
            ],
            [
              28.0281915,
              45.3995482
            ]
          ]
        ]
      },
      "properties": {
        "name": "Regiunea Galați (I)",
        "start_year": 1950,
        "end_year": 1952,
        "subtitle": "Reforma comunistă · 1950 — 1952",
        "approx_note": "Uniune aproximativă: Galați + Brăila + Vrancea (poligoanele actuale). Granițele exacte ale raioanelor sovietice nu sunt în OSM."
      }
    },
    {
      "type": "Feature",
      "geometry": {
        "type": "Polygon",
        "coordinates": [
          [
            [
              28.116721,
              46.1111913
            ],
            [
              28.1159724,
              46.1076415
            ],
            [
              28.122829,
              46.1052609
            ],
            [
              28.1221337,
              46.1039406
            ],
            [
              28.1177135,
              46.1020814
            ],
            [
              28.1102424,
              46.1037919
            ],
            [
              28.1071576,
              46.0984061
            ],
            [
              28.1022485,
              46.0984781
            ],
            [
              28.1073008,
              46.0952316
            ],
            [
              28.1056171,
              46.0895162
            ],
            [
              28.1115946,
              46.0870825
            ],
            [
              28.1070669,
              46.0832067
            ],
            [
              28.1089278,
              46.0781741
            ],
            [
              28.1053111,
              46.0780544
            ],
            [
              28.1003305,
              46.0810326
            ],
            [
              28.0965269,
              46.0780625
            ],
            [
              28.0928757,
              46.0792968
            ],
            [
              28.0922316,
              46.0780266
            ],
            [
              28.0936127,
              46.0740812
            ],
            [
              28.0889947,
              46.0702309
            ],
            [
              28.0897396,
              46.068088
            ],
            [
              28.1006815,
              46.0638793
            ],
            [
              28.0975374,
              46.060097
            ],
            [
              28.0891114,
              46.0598193
            ],
            [
              28.0892762,
              46.0571761
            ],
            [
              28.0914426,
              46.0539297
            ],
            [
              28.0931129,
              46.0530356
            ],
            [
              28.1028324,
              46.0541454
            ],
            [
              28.1051373,
              46.0527725
            ],
            [
              28.1003728,
              46.047438
            ],
            [
              28.1036798,
              46.0430037
            ],
            [
              28.0971373,
              46.0434054
            ],
            [
              28.0955249,
              46.0398879
            ],
            [
              28.0902654,
              46.0347635
            ],
            [
              28.0907496,
              46.030408
            ],
            [
              28.087652,
              46.0201724
            ],
            [
              28.0951935,
              46.0169005
            ],
            [
              28.0957234,
              46.0149193
            ],
            [
              28.0853488,
              46.0082441
            ],
            [
              28.0868403,
              46.0062527
            ],
            [
              28.0912236,
              46.0050632
            ],
            [
              28.0965372,
              45.9973998
            ],
            [
              28.0969247,
              45.9939707
            ],
            [
              28.0992922,
              45.9906765
            ],
            [
              28.1051171,
              45.9893716
            ],
            [
              28.1039536,
              45.9848716
            ],
            [
              28.0988626,
              45.9817201
            ],
            [
              28.0981656,
              45.9783732
            ],
            [
              28.1070878,
              45.9782956
            ],
            [
              28.1063084,
              45.9754475
            ],
            [
              28.1014641,
              45.9726888
            ],
            [
              28.1083209,
              45.9684454
            ],
            [
              28.1084536,
              45.9669326
            ],
            [
              28.1046348,
              45.9635947
            ],
            [
              28.110893,
              45.9587174
            ],
            [
              28.1147432,
              45.9537903
            ],
            [
              28.1157057,
              45.9484249
            ],
            [
              28.1185188,
              45.9444581
            ],
            [
              28.1142093,
              45.9356874
            ],
            [
              28.1203014,
              45.9320675
            ],
            [
              28.1254756,
              45.9229078
            ],
            [
              28.1253046,
              45.9212795
            ],
            [
              28.1204295,
              45.918184
            ],
            [
              28.1196556,
              45.9135159
            ],
            [
              28.1160339,
              45.909234
            ],
            [
              28.120041,
              45.9012533
            ],
            [
              28.1182977,
              45.8998503
            ],
            [
              28.1121493,
              45.899308
            ],
            [
              28.1126494,
              45.8952146
            ],
            [
              28.1162962,
              45.8927383
            ],
            [
              28.1164848,
              45.8898663
            ],
            [
              28.1182733,
              45.8874908
            ],
            [
              28.113253,
              45.8858326
            ],
            [
              28.1125276,
              45.8843027
            ],
            [
              28.1154267,
              45.8826054
            ],
            [
              28.1209514,
              45.8835536
            ],
            [
              28.1235755,
              45.8821454
            ],
            [
              28.1270614,
              45.8852402
            ],
            [
              28.1305366,
              45.882142
            ],
            [
              28.1279439,
              45.877747
            ],
            [
              28.1328477,
              45.8766996
            ],
            [
              28.1280088,
              45.8714328
            ],
            [
              28.1274135,
              45.8630027
            ],
            [
              28.1205461,
              45.8636897
            ],
            [
              28.1143102,
              45.8600653
            ],
            [
              28.1088698,
              45.8606297
            ],
            [
              28.1054585,
              45.8594128
            ],
            [
              28.1105945,
              45.8510408
            ],
            [
              28.1139725,
              45.8491535
            ],
            [
              28.112132,
              45.8473168
            ],
            [
              28.1118574,
              45.844539
            ],
            [
              28.1051862,
              45.8430263
            ],
            [
              28.1087548,
              45.8410991
            ],
            [
              28.1098255,
              45.8377856
            ],
            [
              28.1127621,
              45.8344884
            ],
            [
              28.1087516,
              45.8305939
            ],
            [
              28.1119886,
              45.8268743
            ],
            [
              28.1093314,
              45.8243514
            ],
            [
              28.113106,
              45.8208303
            ],
            [
              28.1074403,
              45.8165257
            ],
            [
              28.1101693,
              45.8147064
            ],
            [
              28.1186169,
              45.8148725
            ],
            [
              28.1211436,
              45.806891
            ],
            [
              28.1195612,
              45.801836
            ],
            [
              28.1227456,
              45.7982203
            ],
            [
              28.1191996,
              45.7946172
            ],
            [
              28.1130008,
              45.7961091
            ],
            [
              28.1122099,
              45.7951853
            ],
            [
              28.1142242,
              45.7902508
            ],
            [
              28.120904,
              45.7909352
            ],
            [
              28.1216506,
              45.7884023
            ],
            [
              28.1263545,
              45.7839727
            ],
            [
              28.1350363,
              45.778362
            ],
            [
              28.1470656,
              45.7812135
            ],
            [
              28.151752,
              45.7836003
            ],
            [
              28.1540349,
              45.7822882
            ],
            [
              28.1523733,
              45.7797749
            ],
            [
              28.1557223,
              45.7781248
            ],
            [
              28.1542831,
              45.7741134
            ],
            [
              28.1497172,
              45.7730996
            ],
            [
              28.1497006,
              45.7698337
            ],
            [
              28.1479935,
              45.7678058
            ],
            [
              28.1496042,
              45.7640003
            ],
            [
              28.1448881,
              45.764168
            ],
            [
              28.1434891,
              45.760231
            ],
            [
              28.1519751,
              45.7539736
            ],
            [
              28.1497025,
              45.7509337
            ],
            [
              28.1511488,
              45.7442688
            ],
            [
              28.1561267,
              45.7439341
            ],
            [
              28.1576151,
              45.7397703
            ],
            [
              28.1668736,
              45.736241
            ],
            [
              28.1651104,
              45.7325784
            ],
            [
              28.1661062,
              45.7304475
            ],
            [
              28.1621522,
              45.7287956
            ],
            [
              28.1608063,
              45.7250508
            ],
            [
              28.1671333,
              45.7240013
            ],
            [
              28.1641395,
              45.716913
            ],
            [
              28.170711,
              45.7088679
            ],
            [
              28.1681421,
              45.7067703
            ],
            [
              28.1598858,
              45.7037903
            ],
            [
              28.1644652,
              45.6969935
            ],
            [
              28.1626311,
              45.6918556
            ],
            [
              28.1657748,
              45.6867308
            ],
            [
              28.1664758,
              45.6824884
            ],
            [
              28.171385,
              45.6796073
            ],
            [
              28.169412,
              45.6778832
            ],
            [
              28.1704146,
              45.6744676
            ],
            [
              28.1672622,
              45.6712422
            ],
            [
              28.1666528,
              45.6662428
            ],
            [
              28.162177,
              45.6606516
            ],
            [
              28.1659373,
              45.6534534
            ],
            [
              28.1638946,
              45.6519316
            ],
            [
              28.1586197,
              45.6518383
            ],
            [
              28.1578913,
              45.6507302
            ],
            [
              28.1601411,
              45.6493529
            ],
            [
              28.1709851,
              45.648856
            ],
            [
              28.1742738,
              45.6456296
            ],
            [
              28.171473,
              45.6404717
            ],
            [
              28.1567158,
              45.6365404
            ],
            [
              28.1515874,
              45.630858
            ],
            [
              28.1494919,
              45.6260423
            ],
            [
              28.145328,
              45.6247997
            ],
            [
              28.144675,
              45.6214696
            ],
            [
              28.1412187,
              45.6223155
            ],
            [
              28.1399914,
              45.6253506
            ],
            [
              28.1372644,
              45.6256984
            ],
            [
              28.1298713,
              45.6236038
            ],
            [
              28.1319804,
              45.6197853
            ],
            [
              28.1303281,
              45.6186903
            ],
            [
              28.1223016,
              45.6232677
            ],
            [
              28.1207536,
              45.6270897
            ],
            [
              28.1121572,
              45.6262972
            ],
            [
              28.1101298,
              45.621681
            ],
            [
              28.1004832,
              45.6184557
            ],
            [
              28.0995629,
              45.6158826
            ],
            [
              28.0905971,
              45.6109609
            ],
            [
              28.0889274,
              45.6093974
            ],
            [
              28.0883891,
              45.60588
            ],
            [
              28.0924353,
              45.5980236
            ],
            [
              28.1007265,
              45.595373
            ],
            [
              28.1060304,
              45.588037
            ],
            [
              28.1130921,
              45.5863378
            ],
            [
              28.1183003,
              45.5803967
            ],
            [
              28.1210712,
              45.5791449
            ],
            [
              28.1172531,
              45.5755059
            ],
            [
              28.121618,
              45.5718667
            ],
            [
              28.1252847,
              45.5741286
            ],
            [
              28.1266872,
              45.5709001
            ],
            [
              28.1313133,
              45.5755685
            ],
            [
              28.1325068,
              45.5711607
            ],
            [
              28.1342308,
              45.570952
            ],
            [
              28.1357877,
              45.5730005
            ],
            [
              28.1347961,
              45.5770043
            ],
            [
              28.138839,
              45.5774316
            ],
            [
              28.1407802,
              45.5763016
            ],
            [
              28.1441814,
              45.5669423
            ],
            [
              28.1456197,
              45.5658588
            ],
            [
              28.1541314,
              45.5744386
            ],
            [
              28.1567226,
              45.5753617
            ],
            [
              28.1567471,
              45.5700836
            ],
            [
              28.1545095,
              45.5650956
            ],
            [
              28.1496197,
              45.5637607
            ],
            [
              28.1480911,
              45.5621735
            ],
            [
              28.1508172,
              45.5609402
            ],
            [
              28.158927,
              45.5609813
            ],
            [
              28.1552744,
              45.5546155
            ],
            [
              28.1609303,
              45.5469491
            ],
            [
              28.1654895,
              45.5453967
            ],
            [
              28.165681,
              45.537136
            ],
            [
              28.1620631,
              45.5332528
            ],
            [
              28.1651144,
              45.5311143
            ],
            [
              28.1664272,
              45.5278251
            ],
            [
              28.1647045,
              45.5239131
            ],
            [
              28.1590754,
              45.5255402
            ],
            [
              28.1567285,
              45.524104
            ],
            [
              28.1663296,
              45.5197622
            ],
            [
              28.1616701,
              45.5113781
            ],
            [
              28.1539793,
              45.5099275
            ],
            [
              28.1641788,
              45.507924
            ],
            [
              28.1624787,
              45.4999844
            ],
            [
              28.1721914,
              45.5009184
            ],
            [
              28.1761331,
              45.4957127
            ],
            [
              28.17922,
              45.4840867
            ],
            [
              28.1830863,
              45.4817675
            ],
            [
              28.1860471,
              45.4742726
            ],
            [
              28.2060731,
              45.4695039
            ],
            [
              28.208689,
              45.4673793
            ],
            [
              28.203063,
              45.4669632
            ],
            [
              28.198934,
              45.4645644
            ],
            [
              28.193922,
              45.4581741
            ],
            [
              28.1925632,
              45.4544791
            ],
            [
              28.1909377,
              45.4383448
            ],
            [
              28.1939376,
              45.4218171
            ],
            [
              28.1928718,
              45.4149389
            ],
            [
              28.1857138,
              45.4124619
            ],
            [
              28.1801823,
              45.4133316
            ],
            [
              28.1476564,
              45.4304905
            ],
            [
              28.1269803,
              45.4389242
            ],
            [
              28.1073222,
              45.44126
            ],
            [
              28.0982596,
              45.4410891
            ],
            [
              28.0882533,
              45.4396119
            ],
            [
              28.060582,
              45.4281657
            ],
            [
              28.0401635,
              45.4165096
            ],
            [
              28.0337069,
              45.4096566
            ],
            [
              28.0305501,
              45.4043377
            ],
            [
              28.0147686,
              45.4013835
            ],
            [
              28.0058435,
              45.3961444
            ],
            [
              28.0026088,
              45.3962175
            ],
            [
              27.9969274,
              45.4000546
            ],
            [
              27.9933355,
              45.4004968
            ],
            [
              27.9887207,
              45.393165
            ],
            [
              27.9841334,
              45.3905188
            ],
            [
              27.9771325,
              45.3954179
            ],
            [
              27.9702555,
              45.3960836
            ],
            [
              27.9560129,
              45.4028062
            ],
            [
              27.9466924,
              45.4052608
            ],
            [
              27.9396407,
              45.4061053
            ],
            [
              27.9263049,
              45.4052864
            ],
            [
              27.9168051,
              45.4070322
            ],
            [
              27.9005563,
              45.4162533
            ],
            [
              27.8890854,
              45.42007
            ],
            [
              27.8837141,
              45.4164991
            ],
            [
              27.8740283,
              45.4178894
            ],
            [
              27.8725166,
              45.41482
            ],
            [
              27.8726056,
              45.4106665
            ],
            [
              27.8655461,
              45.4058289
            ],
            [
              27.8702191,
              45.4019102
            ],
            [
              27.870155,
              45.3991313
            ],
            [
              27.8686652,
              45.3979967
            ],
            [
              27.8564969,
              45.3965047
            ],
            [
              27.8497085,
              45.399265
            ],
            [
              27.843298,
              45.4000464
            ],
            [
              27.8302196,
              45.3991782
            ],
            [
              27.8218812,
              45.3965233
            ],
            [
              27.8094945,
              45.4030221
            ],
            [
              27.7863624,
              45.4068917
            ],
            [
              27.7853094,
              45.4161313
            ],
            [
              27.7866734,
              45.4194684
            ],
            [
              27.7830194,
              45.4223112
            ],
            [
              27.7753913,
              45.422307
            ],
            [
              27.7668092,
              45.4189987
            ],
            [
              27.7565465,
              45.4189483
            ],
            [
              27.7430842,
              45.4139503
            ],
            [
              27.7396302,
              45.4153694
            ],
            [
              27.7385006,
              45.4176528
            ],
            [
              27.7389427,
              45.4211377
            ],
            [
              27.7439828,
              45.4262593
            ],
            [
              27.742288,
              45.4327583
            ],
            [
              27.7447706,
              45.4386999
            ],
            [
              27.7505454,
              45.44673
            ],
            [
              27.750188,
              45.4485033
            ],
            [
              27.747111,
              45.4486145
            ],
            [
              27.7408716,
              45.4418887
            ],
            [
              27.737156,
              45.4406136
            ],
            [
              27.7374295,
              45.4389983
            ],
            [
              27.7327943,
              45.4394204
            ],
            [
              27.7391535,
              45.4375734
            ],
            [
              27.7380849,
              45.4367009
            ],
            [
              27.730862,
              45.4384791
            ],
            [
              27.7314174,
              45.4392259
            ],
            [
              27.7283388,
              45.4403838
            ],
            [
              27.7284241,
              45.4416337
            ],
            [
              27.718124,
              45.4409404
            ],
            [
              27.7174174,
              45.4402697
            ],
            [
              27.7206157,
              45.4395736
            ],
            [
              27.7167815,
              45.4334728
            ],
            [
              27.7061261,
              45.4372926
            ],
            [
              27.7049924,
              45.4355126
            ],
            [
              27.6732682,
              45.4461867
            ],
            [
              27.6833893,
              45.4614933
            ],
            [
              27.6874742,
              45.4594663
            ],
            [
              27.6885682,
              45.4605393
            ],
            [
              27.6822548,
              45.463496
            ],
            [
              27.6814671,
              45.4665837
            ],
            [
              27.6894174,
              45.4689284
            ],
            [
              27.6941389,
              45.4731957
            ],
            [
              27.6952776,
              45.4787012
            ],
            [
              27.6926614,
              45.4816095
            ],
            [
              27.6889953,
              45.4819633
            ],
            [
              27.6735155,
              45.475012
            ],
            [
              27.6672095,
              45.4743108
            ],
            [
              27.6616309,
              45.4719643
            ],
            [
              27.6589401,
              45.4739383
            ],
            [
              27.6588717,
              45.4760397
            ],
            [
              27.6641822,
              45.4897997
            ],
            [
              27.6544102,
              45.4907165
            ],
            [
              27.6529797,
              45.4892321
            ],
            [
              27.6560012,
              45.4857135
            ],
            [
              27.6549557,
              45.4798037
            ],
            [
              27.6435803,
              45.4776811
            ],
            [
              27.6462346,
              45.4621438
            ],
            [
              27.6288337,
              45.4546509
            ],
            [
              27.6272192,
              45.455033
            ],
            [
              27.6240632,
              45.466176
            ],
            [
              27.6176608,
              45.4660825
            ],
            [
              27.6115555,
              45.4643208
            ],
            [
              27.6112447,
              45.465948
            ],
            [
              27.6145472,
              45.4716596
            ],
            [
              27.6141348,
              45.4734969
            ],
            [
              27.6135829,
              45.4750095
            ],
            [
              27.6027401,
              45.4775792
            ],
            [
              27.6056078,
              45.4822463
            ],
            [
              27.6007719,
              45.4841984
            ],
            [
              27.5882141,
              45.4854071
            ],
            [
              27.580045,
              45.4907214
            ],
            [
              27.5752902,
              45.4916672
            ],
            [
              27.57265,
              45.4872732
            ],
            [
              27.5621953,
              45.4908158
            ],
            [
              27.5585467,
              45.488385
            ],
            [
              27.5481485,
              45.4945081
            ],
            [
              27.5493963,
              45.4956193
            ],
            [
              27.5429366,
              45.4993683
            ],
            [
              27.5369652,
              45.4939397
            ],
            [
              27.5269468,
              45.5002336
            ],
            [
              27.5324519,
              45.5055024
            ],
            [
              27.5392983,
              45.5051828
            ],
            [
              27.5418149,
              45.5091528
            ],
            [
              27.5398586,
              45.5120415
            ],
            [
              27.5304695,
              45.5146506
            ],
            [
              27.524543,
              45.5195847
            ],
            [
              27.5222325,
              45.5296857
            ],
            [
              27.5282328,
              45.5386577
            ],
            [
              27.5291263,
              45.5417895
            ],
            [
              27.5283105,
              45.5485482
            ],
            [
              27.5241803,
              45.5532744
            ],
            [
              27.51827,
              45.5567044
            ],
            [
              27.5056842,
              45.5608685
            ],
            [
              27.5042505,
              45.5631652
            ],
            [
              27.5045341,
              45.567269
            ],
            [
              27.5100637,
              45.5766603
            ],
            [
              27.5168983,
              45.5780843
            ],
            [
              27.5341047,
              45.5784383
            ],
            [
              27.536287,
              45.5810992
            ],
            [
              27.5328542,
              45.5853494
            ],
            [
              27.5223866,
              45.5877962
            ],
            [
              27.5187826,
              45.590246
            ],
            [
              27.5175098,
              45.5953821
            ],
            [
              27.5179856,
              45.6000227
            ],
            [
              27.5151758,
              45.6046289
            ],
            [
              27.5075476,
              45.6081078
            ],
            [
              27.4975656,
              45.6068972
            ],
            [
              27.498445,
              45.6083095
            ],
            [
              27.5084508,
              45.6117453
            ],
            [
              27.5134211,
              45.6154954
            ],
            [
              27.5144922,
              45.6180436
            ],
            [
              27.5130919,
              45.621005
            ],
            [
              27.5088462,
              45.6244972
            ],
            [
              27.5038385,
              45.6264737
            ],
            [
              27.4883784,
              45.6293883
            ],
            [
              27.4883044,
              45.6317166
            ],
            [
              27.4912663,
              45.6358162
            ],
            [
              27.4905816,
              45.6395798
            ],
            [
              27.4887397,
              45.6407204
            ],
            [
              27.4839083,
              45.6408638
            ],
            [
              27.4700766,
              45.6365586
            ],
            [
              27.4648364,
              45.6389292
            ],
            [
              27.4637773,
              45.6455529
            ],
            [
              27.4523329,
              45.6506084
            ],
            [
              27.4522911,
              45.6523378
            ],
            [
              27.4566707,
              45.6559472
            ],
            [
              27.4565605,
              45.6579232
            ],
            [
              27.4506501,
              45.6614303
            ],
            [
              27.4501833,
              45.6708226
            ],
            [
              27.439957,
              45.6791181
            ],
            [
              27.4367848,
              45.6786002
            ],
            [
              27.4306961,
              45.6702066
            ],
            [
              27.4245495,
              45.668382
            ],
            [
              27.4210588,
              45.6709307
            ],
            [
              27.4244407,
              45.672848
            ],
            [
              27.4261957,
              45.6782103
            ],
            [
              27.417444,
              45.6799643
            ],
            [
              27.4156311,
              45.6774529
            ],
            [
              27.403621,
              45.6823069
            ],
            [
              27.3999714,
              45.6859566
            ],
            [
              27.3909439,
              45.6999298
            ],
            [
              27.3813931,
              45.7064293
            ],
            [
              27.375043,
              45.7133833
            ],
            [
              27.3692429,
              45.7252248
            ],
            [
              27.3660782,
              45.7257706
            ],
            [
              27.362382,
              45.7293797
            ],
            [
              27.3558305,
              45.7424067
            ],
            [
              27.3566902,
              45.743809
            ],
            [
              27.3539746,
              45.7469109
            ],
            [
              27.3543293,
              45.7540247
            ],
            [
              27.3526932,
              45.7565488
            ],
            [
              27.3556489,
              45.7591436
            ],
            [
              27.3543273,
              45.7593937
            ],
            [
              27.3442319,
              45.7745935
            ],
            [
              27.3429528,
              45.7803371
            ],
            [
              27.3385954,
              45.7837766
            ],
            [
              27.3389828,
              45.787584
            ],
            [
              27.342299,
              45.7882648
            ],
            [
              27.3275898,
              45.79478
            ],
            [
              27.3196669,
              45.8054795
            ],
            [
              27.3127863,
              45.8264512
            ],
            [
              27.3081424,
              45.833946
            ],
            [
              27.3055217,
              45.8412844
            ],
            [
              27.3024986,
              45.8432421
            ],
            [
              27.3032587,
              45.8451039
            ],
            [
              27.3009842,
              45.8478047
            ],
            [
              27.2976697,
              45.8487952
            ],
            [
              27.2982818,
              45.8495439
            ],
            [
              27.2924845,
              45.8544453
            ],
            [
              27.2913021,
              45.8594008
            ],
            [
              27.2900754,
              45.8600872
            ],
            [
              27.2819157,
              45.855554
            ],
            [
              27.2791513,
              45.8569081
            ],
            [
              27.2773936,
              45.8598848
            ],
            [
              27.2784171,
              45.8617202
            ],
            [
              27.2754323,
              45.8665791
            ],
            [
              27.2815853,
              45.8679664
            ],
            [
              27.2792066,
              45.8705528
            ],
            [
              27.2730284,
              45.8692728
            ],
            [
              27.2709974,
              45.8740143
            ],
            [
              27.2532774,
              45.8718202
            ],
            [
              27.2486538,
              45.8726551
            ],
            [
              27.2524009,
              45.882397
            ],
            [
              27.2635471,
              45.8826888
            ],
            [
              27.2757285,
              45.8849703
            ],
            [
              27.2763684,
              45.8834218
            ],
            [
              27.2828212,
              45.8863209
            ],
            [
              27.273817,
              45.8967586
            ],
            [
              27.2653627,
              45.9160195
            ],
            [
              27.2552347,
              45.9312742
            ],
            [
              27.2419095,
              45.9468976
            ],
            [
              27.2415232,
              45.9478078
            ],
            [
              27.2429502,
              45.9481733
            ],
            [
              27.2370826,
              45.9683376
            ],
            [
              27.2320139,
              45.9767153
            ],
            [
              27.2329885,
              45.9891974
            ],
            [
              27.2303046,
              45.9946969
            ],
            [
              27.2270465,
              46.0091381
            ],
            [
              27.230882,
              46.0178754
            ],
            [
              27.2308442,
              46.0212746
            ],
            [
              27.235167,
              46.0241013
            ],
            [
              27.232787,
              46.0263023
            ],
            [
              27.2341655,
              46.029662
            ],
            [
              27.2331342,
              46.0366372
            ],
            [
              27.2343538,
              46.0369491
            ],
            [
              27.2334004,
              46.0392221
            ],
            [
              27.2355665,
              46.0413825
            ],
            [
              27.2369135,
              46.0461911
            ],
            [
              27.2411989,
              46.0429261
            ],
            [
              27.2429178,
              46.0439033
            ],
            [
              27.2602091,
              46.0408787
            ],
            [
              27.2621735,
              46.0419563
            ],
            [
              27.268532,
              46.0414884
            ],
            [
              27.2708743,
              46.0457482
            ],
            [
              27.2755343,
              46.0477979
            ],
            [
              27.2762949,
              46.0508275
            ],
            [
              27.2747548,
              46.0546219
            ],
            [
              27.2777972,
              46.059197
            ],
            [
              27.290288,
              46.0598614
            ],
            [
              27.2904633,
              46.0625621
            ],
            [
              27.2874956,
              46.0674287
            ],
            [
              27.2835847,
              46.0672218
            ],
            [
              27.2846779,
              46.0717319
            ],
            [
              27.2818401,
              46.0751374
            ],
            [
              27.2842612,
              46.0756841
            ],
            [
              27.2851389,
              46.0793456
            ],
            [
              27.2898189,
              46.0798045
            ],
            [
              27.2909212,
              46.0809505
            ],
            [
              27.2924679,
              46.080322
            ],
            [
              27.2919086,
              46.083243
            ],
            [
              27.2963134,
              46.0844714
            ],
            [
              27.3195868,
              46.0861394
            ],
            [
              27.3231591,
              46.0826257
            ],
            [
              27.3230532,
              46.0804992
            ],
            [
              27.3218053,
              46.0798567
            ],
            [
              27.3227031,
              46.0791001
            ],
            [
              27.3510354,
              46.0805167
            ],
            [
              27.3683104,
              46.0786611
            ],
            [
              27.3692412,
              46.0826793
            ],
            [
              27.3678814,
              46.0827517
            ],
            [
              27.3690836,
              46.0865179
            ],
            [
              27.3717457,
              46.0878233
            ],
            [
              27.3939278,
              46.0893625
            ],
            [
              27.3945213,
              46.0863014
            ],
            [
              27.420198,
              46.0898493
            ],
            [
              27.420682,
              46.0886855
            ],
            [
              27.4244281,
              46.0893602
            ],
            [
              27.4297926,
              46.0946477
            ],
            [
              27.426357,
              46.0990088
            ],
            [
              27.4220262,
              46.0991811
            ],
            [
              27.4216076,
              46.1008878
            ],
            [
              27.4239342,
              46.1042915
            ],
            [
              27.4226776,
              46.1109987
            ],
            [
              27.4242446,
              46.1148375
            ],
            [
              27.4281795,
              46.1161596
            ],
            [
              27.4226668,
              46.124423
            ],
            [
              27.4187275,
              46.1280867
            ],
            [
              27.4182206,
              46.1307943
            ],
            [
              27.4267741,
              46.1395351
            ],
            [
              27.4306197,
              46.1377867
            ],
            [
              27.4344009,
              46.1338857
            ],
            [
              27.4488892,
              46.1264615
            ],
            [
              27.4809851,
              46.1258637
            ],
            [
              27.4840809,
              46.1397538
            ],
            [
              27.503082,
              46.1396328
            ],
            [
              27.5023586,
              46.1433354
            ],
            [
              27.4849263,
              46.1452246
            ],
            [
              27.4846215,
              46.147305
            ],
            [
              27.486789,
              46.1533314
            ],
            [
              27.4928473,
              46.159225
            ],
            [
              27.5061628,
              46.1554422
            ],
            [
              27.5063147,
              46.1640687
            ],
            [
              27.5004662,
              46.1649064
            ],
            [
              27.5059413,
              46.1827325
            ],
            [
              27.504166,
              46.1831234
            ],
            [
              27.5055814,
              46.1852382
            ],
            [
              27.5050354,
              46.1924378
            ],
            [
              27.508688,
              46.1931829
            ],
            [
              27.5041551,
              46.2038737
            ],
            [
              27.5099418,
              46.2067551
            ],
            [
              27.51015,
              46.2100123
            ],
            [
              27.5088035,
              46.2158297
            ],
            [
              27.506497,
              46.2193858
            ],
            [
              27.4789185,
              46.2206802
            ],
            [
              27.4778265,
              46.2305983
            ],
            [
              27.4738744,
              46.2367062
            ],
            [
              27.473114,
              46.2476379
            ],
            [
              27.470429,
              46.2554013
            ],
            [
              27.4715278,
              46.2592533
            ],
            [
              27.4694224,
              46.2675286
            ],
            [
              27.4711128,
              46.2698455
            ],
            [
              27.4662664,
              46.2789738
            ],
            [
              27.4828054,
              46.2819917
            ],
            [
              27.4785856,
              46.2865301
            ],
            [
              27.4695407,
              46.2910168
            ],
            [
              27.4636118,
              46.2962128
            ],
            [
              27.4635449,
              46.2978986
            ],
            [
              27.4668472,
              46.3022072
            ],
            [
              27.4600115,
              46.3080998
            ],
            [
              27.4571014,
              46.3203173
            ],
            [
              27.4739683,
              46.3230165
            ],
            [
              27.4758329,
              46.3179405
            ],
            [
              27.4800656,
              46.3187311
            ],
            [
              27.4758727,
              46.3265143
            ],
            [
              27.4828379,
              46.3270876
            ],
            [
              27.4815229,
              46.3293961
            ],
            [
              27.4761199,
              46.3299411
            ],
            [
              27.4641043,
              46.3481566
            ],
            [
              27.458962,
              46.3604307
            ],
            [
              27.4662531,
              46.3624928
            ],
            [
              27.4658109,
              46.3668227
            ],
            [
              27.4644153,
              46.3714195
            ],
            [
              27.4595333,
              46.3790642
            ],
            [
              27.4520096,
              46.3788041
            ],
            [
              27.4492442,
              46.4001022
            ],
            [
              27.4417803,
              46.4101843
            ],
            [
              27.4327216,
              46.4125976
            ],
            [
              27.4306338,
              46.4179411
            ],
            [
              27.4281754,
              46.4188422
            ],
            [
              27.4302687,
              46.4212429
            ],
            [
              27.4287817,
              46.4241915
            ],
            [
              27.4295085,
              46.4247366
            ],
            [
              27.4238986,
              46.4270827
            ],
            [
              27.4195301,
              46.4321908
            ],
            [
              27.4210344,
              46.4340269
            ],
            [
              27.4242781,
              46.4342852
            ],
            [
              27.4227543,
              46.4358593
            ],
            [
              27.4183697,
              46.4350753
            ],
            [
              27.4174484,
              46.4372526
            ],
            [
              27.4154688,
              46.4465711
            ],
            [
              27.4127818,
              46.4519419
            ],
            [
              27.4154245,
              46.4530444
            ],
            [
              27.4110832,
              46.4574019
            ],
            [
              27.4158556,
              46.4607476
            ],
            [
              27.4143464,
              46.463995
            ],
            [
              27.4134895,
              46.4642363
            ],
            [
              27.4143425,
              46.4630073
            ],
            [
              27.4133592,
              46.4620591
            ],
            [
              27.4091809,
              46.462326
            ],
            [
              27.4090546,
              46.4640556
            ],
            [
              27.4057518,
              46.4640677
            ],
            [
              27.4026694,
              46.4692379
            ],
            [
              27.3990512,
              46.4695383
            ],
            [
              27.3971631,
              46.4787573
            ],
            [
              27.3930194,
              46.4813131
            ],
            [
              27.382081,
              46.5003854
            ],
            [
              27.3818609,
              46.5038715
            ],
            [
              27.3837209,
              46.5081865
            ],
            [
              27.3805445,
              46.5122976
            ],
            [
              27.3818524,
              46.5127041
            ],
            [
              27.3818044,
              46.5163578
            ],
            [
              27.3836123,
              46.5180155
            ],
            [
              27.3773093,
              46.5157698
            ],
            [
              27.3734263,
              46.5185163
            ],
            [
              27.3729671,
              46.5195078
            ],
            [
              27.3749974,
              46.5195784
            ],
            [
              27.3742597,
              46.5203279
            ],
            [
              27.3774882,
              46.520975
            ],
            [
              27.375575,
              46.5215771
            ],
            [
              27.3801352,
              46.5230412
            ],
            [
              27.3759293,
              46.5222924
            ],
            [
              27.3798356,
              46.5240871
            ],
            [
              27.3742393,
              46.5226132
            ],
            [
              27.3695793,
              46.5271665
            ],
            [
              27.3681239,
              46.5331459
            ],
            [
              27.3603039,
              46.5360787
            ],
            [
              27.3592246,
              46.5404718
            ],
            [
              27.3532378,
              46.5450441
            ],
            [
              27.3539273,
              46.5486717
            ],
            [
              27.3514907,
              46.5481343
            ],
            [
              27.3502408,
              46.5500492
            ],
            [
              27.3525842,
              46.5508307
            ],
            [
              27.3496972,
              46.5537993
            ],
            [
              27.3483418,
              46.5532963
            ],
            [
              27.3474625,
              46.555899
            ],
            [
              27.343408,
              46.5599157
            ],
            [
              27.3416202,
              46.5594407
            ],
            [
              27.3377141,
              46.5653829
            ],
            [
              27.3360831,
              46.5650965
            ],
            [
              27.3280303,
              46.5856389
            ],
            [
              27.3246238,
              46.5889551
            ],
            [
              27.3214805,
              46.5886004
            ],
            [
              27.3194397,
              46.5908269
            ],
            [
              27.319193,
              46.5954113
            ],
            [
              27.3158121,
              46.5947023
            ],
            [
              27.3142897,
              46.5963035
            ],
            [
              27.3140441,
              46.5946596
            ],
            [
              27.3109329,
              46.5952816
            ],
            [
              27.3105863,
              46.599082
            ],
            [
              27.3080443,
              46.6020908
            ],
            [
              27.3028773,
              46.606292
            ],
            [
              27.2959087,
              46.6074959
            ],
            [
              27.2923649,
              46.6104591
            ],
            [
              27.2914438,
              46.6133637
            ],
            [
              27.2872933,
              46.6181725
            ],
            [
              27.2763837,
              46.6252805
            ],
            [
              27.2931483,
              46.6393009
            ],
            [
              27.3160996,
              46.6521316
            ],
            [
              27.3144902,
              46.6552587
            ],
            [
              27.3204291,
              46.658501
            ],
            [
              27.3178554,
              46.6609757
            ],
            [
              27.3147436,
              46.6595419
            ],
            [
              27.3132681,
              46.6628584
            ],
            [
              27.3083315,
              46.6642377
            ],
            [
              27.3013456,
              46.6685794
            ],
            [
              27.2994973,
              46.6712302
            ],
            [
              27.2943728,
              46.674264
            ],
            [
              27.2929846,
              46.6769054
            ],
            [
              27.2988138,
              46.6785641
            ],
            [
              27.3072566,
              46.6837243
            ],
            [
              27.3049253,
              46.6866985
            ],
            [
              27.3122197,
              46.6920401
            ],
            [
              27.3168382,
              46.6926357
            ],
            [
              27.3175509,
              46.6914301
            ],
            [
              27.3265737,
              46.6979776
            ],
            [
              27.3215588,
              46.7016513
            ],
            [
              27.3175269,
              46.7024538
            ],
            [
              27.3119262,
              46.7005709
            ],
            [
              27.305287,
              46.7065742
            ],
            [
              27.3002196,
              46.7081937
            ],
            [
              27.2973987,
              46.7113934
            ],
            [
              27.2888807,
              46.7160047
            ],
            [
              27.282436,
              46.7174872
            ],
            [
              27.2798276,
              46.7197852
            ],
            [
              27.2763919,
              46.7197165
            ],
            [
              27.2646125,
              46.7237528
            ],
            [
              27.2583302,
              46.7272452
            ],
            [
              27.2537952,
              46.7278852
            ],
            [
              27.2484251,
              46.7327095
            ],
            [
              27.2413349,
              46.7346537
            ],
            [
              27.2400244,
              46.7360811
            ],
            [
              27.2393526,
              46.7353487
            ],
            [
              27.2328137,
              46.7446294
            ],
            [
              27.2369156,
              46.7475109
            ],
            [
              27.2350177,
              46.7494811
            ],
            [
              27.2310779,
              46.7505123
            ],
            [
              27.229436,
              46.7488506
            ],
            [
              27.2294831,
              46.7445234
            ],
            [
              27.2283447,
              46.7446049
            ],
            [
              27.2255535,
              46.7507266
            ],
            [
              27.2264254,
              46.7518137
            ],
            [
              27.2216763,
              46.7544305
            ],
            [
              27.2177217,
              46.758865
            ],
            [
              27.2103086,
              46.7605765
            ],
            [
              27.2103269,
              46.7641081
            ],
            [
              27.207265,
              46.7654162
            ],
            [
              27.2062453,
              46.7698649
            ],
            [
              27.2120324,
              46.7703836
            ],
            [
              27.2163403,
              46.7722606
            ],
            [
              27.2250804,
              46.771982
            ],
            [
              27.2293209,
              46.7701624
            ],
            [
              27.2334341,
              46.7755557
            ],
            [
              27.233896,
              46.7773459
            ],
            [
              27.2304793,
              46.7795636
            ],
            [
              27.230762,
              46.784717
            ],
            [
              27.2244488,
              46.7910947
            ],
            [
              27.2231777,
              46.7888202
            ],
            [
              27.214659,
              46.7886469
            ],
            [
              27.2133269,
              46.789734
            ],
            [
              27.2134743,
              46.7929709
            ],
            [
              27.2159597,
              46.7931211
            ],
            [
              27.2128136,
              46.7973925
            ],
            [
              27.2125522,
              46.8025644
            ],
            [
              27.2160012,
              46.8062932
            ],
            [
              27.2158033,
              46.8122743
            ],
            [
              27.2190681,
              46.8120495
            ],
            [
              27.215191,
              46.8177067
            ],
            [
              27.2199479,
              46.8176065
            ],
            [
              27.2196051,
              46.8190989
            ],
            [
              27.2271252,
              46.8209793
            ],
            [
              27.2217266,
              46.8313504
            ],
            [
              27.2130605,
              46.8378965
            ],
            [
              27.207364,
              46.839927
            ],
            [
              27.2172757,
              46.8453087
            ],
            [
              27.2134929,
              46.8468447
            ],
            [
              27.219426,
              46.8485896
            ],
            [
              27.2116663,
              46.8538703
            ],
            [
              27.2091585,
              46.8525011
            ],
            [
              27.2002785,
              46.8562643
            ],
            [
              27.2021652,
              46.8589762
            ],
            [
              27.2020713,
              46.8612862
            ],
            [
              27.1994693,
              46.8629558
            ],
            [
              27.19325,
              46.8637795
            ],
            [
              27.1951474,
              46.866795
            ],
            [
              27.1883421,
              46.8714892
            ],
            [
              27.1902629,
              46.8732552
            ],
            [
              27.1888692,
              46.8759751
            ],
            [
              27.2022885,
              46.8823396
            ],
            [
              27.2143258,
              46.8764983
            ],
            [
              27.2232871,
              46.8780256
            ],
            [
              27.2263172,
              46.8680595
            ],
            [
              27.2392437,
              46.8700691
            ],
            [
              27.2396951,
              46.8721262
            ],
            [
              27.2459987,
              46.872182
            ],
            [
              27.2458025,
              46.8733894
            ],
            [
              27.2485067,
              46.8761743
            ],
            [
              27.2512537,
              46.8676051
            ],
            [
              27.2696354,
              46.8711152
            ],
            [
              27.2706509,
              46.869217
            ],
            [
              27.277042,
              46.872674
            ],
            [
              27.2781229,
              46.8714927
            ],
            [
              27.2847621,
              46.8759263
            ],
            [
              27.2949716,
              46.8673728
            ],
            [
              27.3078543,
              46.8686658
            ],
            [
              27.31119,
              46.8630512
            ],
            [
              27.3218678,
              46.8642137
            ],
            [
              27.3222464,
              46.8671246
            ],
            [
              27.3364177,
              46.8677167
            ],
            [
              27.3385939,
              46.8749113
            ],
            [
              27.3497198,
              46.876764
            ],
            [
              27.3490474,
              46.8788893
            ],
            [
              27.3511829,
              46.881401
            ],
            [
              27.3592506,
              46.882439
            ],
            [
              27.3616124,
              46.8838787
            ],
            [
              27.364437,
              46.882569
            ],
            [
              27.3725251,
              46.8922482
            ],
            [
              27.3752826,
              46.8913481
            ],
            [
              27.3769499,
              46.8890298
            ],
            [
              27.3981148,
              46.893633
            ],
            [
              27.4005733,
              46.8881201
            ],
            [
              27.4002511,
              46.8861785
            ],
            [
              27.3965531,
              46.8854191
            ],
            [
              27.3972918,
              46.8827862
            ],
            [
              27.4016429,
              46.8838978
            ],
            [
              27.4002775,
              46.8803288
            ],
            [
              27.4020737,
              46.8759035
            ],
            [
              27.4067203,
              46.876871
            ],
            [
              27.4076563,
              46.8748805
            ],
            [
              27.4139072,
              46.8758535
            ],
            [
              27.4147831,
              46.8739147
            ],
            [
              27.4171186,
              46.8745965
            ],
            [
              27.424539,
              46.8625169
            ],
            [
              27.44691,
              46.8655411
            ],
            [
              27.4460582,
              46.8678023
            ],
            [
              27.4547647,
              46.8693555
            ],
            [
              27.4599303,
              46.8623535
            ],
            [
              27.4671911,
              46.8642
            ],
            [
              27.4654002,
              46.8656865
            ],
            [
              27.4628782,
              46.865225
            ],
            [
              27.4615186,
              46.868138
            ],
            [
              27.4717278,
              46.8711671
            ],
            [
              27.4755176,
              46.866375
            ],
            [
              27.4790661,
              46.8681922
            ],
            [
              27.4814003,
              46.8675946
            ],
            [
              27.4895822,
              46.8696371
            ],
            [
              27.486455,
              46.8750956
            ],
            [
              27.5002689,
              46.8775558
            ],
            [
              27.5004488,
              46.8766728
            ],
            [
              27.5157797,
              46.8752274
            ],
            [
              27.5330782,
              46.8821151
            ],
            [
              27.5244697,
              46.8905511
            ],
            [
              27.5218308,
              46.8913653
            ],
            [
              27.5245398,
              46.893297
            ],
            [
              27.5228559,
              46.8968157
            ],
            [
              27.5239206,
              46.9047427
            ],
            [
              27.5199664,
              46.9145374
            ],
            [
              27.5318762,
              46.9160025
            ],
            [
              27.5350003,
              46.9110933
            ],
            [
              27.5473027,
              46.9143217
            ],
            [
              27.5502688,
              46.9074275
            ],
            [
              27.5565398,
              46.9022916
            ],
            [
              27.5683038,
              46.8774683
            ],
            [
              27.5710932,
              46.8854422
            ],
            [
              27.5709889,
              46.8889141
            ],
            [
              27.5845489,
              46.8889209
            ],
            [
              27.5843207,
              46.887995
            ],
            [
              27.5889661,
              46.887283
            ],
            [
              27.5847664,
              46.8857588
            ],
            [
              27.5840862,
              46.8799499
            ],
            [
              27.5847081,
              46.8776764
            ],
            [
              27.5912057,
              46.8788958
            ],
            [
              27.5907499,
              46.8806551
            ],
            [
              27.5998253,
              46.8822255
            ],
            [
              27.5970975,
              46.8856126
            ],
            [
              27.5993761,
              46.8866021
            ],
            [
              27.6057762,
              46.8863071
            ],
            [
              27.6042649,
              46.8899837
            ],
            [
              27.609476,
              46.8897224
            ],
            [
              27.6068717,
              46.8933832
            ],
            [
              27.6150744,
              46.8932917
            ],
            [
              27.6160357,
              46.8898694
            ],
            [
              27.6209125,
              46.8896968
            ],
            [
              27.6222781,
              46.8924004
            ],
            [
              27.6310576,
              46.8939553
            ],
            [
              27.6318112,
              46.8967252
            ],
            [
              27.6431419,
              46.8956109
            ],
            [
              27.6439404,
              46.8964048
            ],
            [
              27.6441033,
              46.8990954
            ],
            [
              27.6424753,
              46.9018423
            ],
            [
              27.6370863,
              46.904986
            ],
            [
              27.6381477,
              46.9125569
            ],
            [
              27.6359188,
              46.9140055
            ],
            [
              27.6345599,
              46.9170116
            ],
            [
              27.6313047,
              46.9185385
            ],
            [
              27.6305152,
              46.9219485
            ],
            [
              27.6281652,
              46.9238314
            ],
            [
              27.6233047,
              46.9232868
            ],
            [
              27.6162348,
              46.9249919
            ],
            [
              27.614891,
              46.9290973
            ],
            [
              27.6181644,
              46.9394836
            ],
            [
              27.6128395,
              46.9432515
            ],
            [
              27.6099588,
              46.9432406
            ],
            [
              27.6076164,
              46.9464804
            ],
            [
              27.6084152,
              46.9503294
            ],
            [
              27.610013,
              46.9476969
            ],
            [
              27.6167598,
              46.950032
            ],
            [
              27.6063447,
              46.9572425
            ],
            [
              27.6087209,
              46.9706911
            ],
            [
              27.6213566,
              46.9916835
            ],
            [
              27.6257233,
              46.9889768
            ],
            [
              27.6295727,
              46.9888217
            ],
            [
              27.6321185,
              46.9861802
            ],
            [
              27.6313162,
              46.9849728
            ],
            [
              27.6321734,
              46.9832025
            ],
            [
              27.6376446,
              46.9771688
            ],
            [
              27.6509847,
              46.9753768
            ],
            [
              27.6547503,
              46.9764658
            ],
            [
              27.6600158,
              46.9736243
            ],
            [
              27.6677259,
              46.9653832
            ],
            [
              27.6833129,
              46.9552524
            ],
            [
              27.6867936,
              46.9511787
            ],
            [
              27.687774,
              46.9473161
            ],
            [
              27.6918759,
              46.9420697
            ],
            [
              27.6936686,
              46.937147
            ],
            [
              27.705382,
              46.940089
            ],
            [
              27.7105439,
              46.9311693
            ],
            [
              27.7151279,
              46.9323003
            ],
            [
              27.7247017,
              46.9199955
            ],
            [
              27.7329698,
              46.9222693
            ],
            [
              27.737156,
              46.9161388
            ],
            [
              27.7394847,
              46.9167215
            ],
            [
              27.7401145,
              46.9102794
            ],
            [
              27.7445696,
              46.9024409
            ],
            [
              27.7531035,
              46.8947063
            ],
            [
              27.7525913,
              46.8938
            ],
            [
              27.7645747,
              46.8815447
            ],
            [
              27.7685629,
              46.8829019
            ],
            [
              27.7685424,
              46.8762653
            ],
            [
              27.7737198,
              46.8765496
            ],
            [
              27.7794142,
              46.8795785
            ],
            [
              27.7793024,
              46.8774382
            ],
            [
              27.7824123,
              46.8781196
            ],
            [
              27.7831505,
              46.8813685
            ],
            [
              27.7859341,
              46.8827009
            ],
            [
              27.7863473,
              46.8743626
            ],
            [
              27.7873515,
              46.8732233
            ],
            [
              27.7916997,
              46.8743161
            ],
            [
              27.7903669,
              46.8864571
            ],
            [
              27.784613,
              46.8920498
            ],
            [
              27.7825102,
              46.8979846
            ],
            [
              27.78406,
              46.906707
            ],
            [
              27.7817018,
              46.9084104
            ],
            [
              27.7779944,
              46.9153751
            ],
            [
              27.7766213,
              46.9250642
            ],
            [
              27.7695897,
              46.9336958
            ],
            [
              27.7706441,
              46.9471707
            ],
            [
              27.7812441,
              46.9486209
            ],
            [
              27.7839153,
              46.9457688
            ],
            [
              27.7876293,
              46.9464518
            ],
            [
              27.7908764,
              46.9414804
            ],
            [
              27.7888264,
              46.9402557
            ],
            [
              27.7887194,
              46.9386927
            ],
            [
              27.7905202,
              46.9374094
            ],
            [
              27.7914438,
              46.9330899
            ],
            [
              27.7905354,
              46.9324852
            ],
            [
              27.7922632,
              46.9314539
            ],
            [
              27.7912282,
              46.9308754
            ],
            [
              27.7958275,
              46.9274834
            ],
            [
              27.8082563,
              46.9280299
            ],
            [
              27.8093374,
              46.9344222
            ],
            [
              27.8118663,
              46.9343606
            ],
            [
              27.8115222,
              46.9321907
            ],
            [
              27.8151207,
              46.9309953
            ],
            [
              27.81435,
              46.9282082
            ],
            [
              27.8171587,
              46.9241147
            ],
            [
              27.8158518,
              46.9193565
            ],
            [
              27.815021,
              46.9205328
            ],
            [
              27.8116808,
              46.9206165
            ],
            [
              27.8102519,
              46.9179082
            ],
            [
              27.8112526,
              46.9163722
            ],
            [
              27.8103587,
              46.9141413
            ],
            [
              27.8119708,
              46.9122846
            ],
            [
              27.8103531,
              46.9104539
            ],
            [
              27.8118504,
              46.9087734
            ],
            [
              27.8088878,
              46.9068328
            ],
            [
              27.8113167,
              46.90415
            ],
            [
              27.8084886,
              46.8966283
            ],
            [
              27.8093096,
              46.8942078
            ],
            [
              27.8128472,
              46.8913832
            ],
            [
              27.8109193,
              46.8904782
            ],
            [
              27.8092787,
              46.8868334
            ],
            [
              27.8120807,
              46.8869226
            ],
            [
              27.8141253,
              46.8841853
            ],
            [
              27.8140578,
              46.8808949
            ],
            [
              27.812359,
              46.8781609
            ],
            [
              27.8072407,
              46.8777982
            ],
            [
              27.8050394,
              46.8723184
            ],
            [
              27.8013394,
              46.8688133
            ],
            [
              27.8047112,
              46.8676973
            ],
            [
              27.80078,
              46.8641063
            ],
            [
              27.798757,
              46.8650014
            ],
            [
              27.7964093,
              46.8634219
            ],
            [
              27.7970418,
              46.8601632
            ],
            [
              27.802566,
              46.8595988
            ],
            [
              27.8160497,
              46.8548581
            ],
            [
              27.8296601,
              46.8534976
            ],
            [
              27.8298263,
              46.8587402
            ],
            [
              27.8329087,
              46.8634515
            ],
            [
              27.8459047,
              46.865538
            ],
            [
              27.853588,
              46.8610612
            ],
            [
              27.8618838,
              46.8605602
            ],
            [
              27.8666173,
              46.8559649
            ],
            [
              27.8702183,
              46.8593923
            ],
            [
              27.8722308,
              46.8583647
            ],
            [
              27.8683975,
              46.8505812
            ],
            [
              27.8695423,
              46.8399443
            ],
            [
              27.8770133,
              46.8302659
            ],
            [
              27.8859263,
              46.8238953
            ],
            [
              27.8853491,
              46.8277082
            ],
            [
              27.8875653,
              46.8316698
            ],
            [
              27.8865233,
              46.8334608
            ],
            [
              27.8841568,
              46.8341595
            ],
            [
              27.8852791,
              46.8355301
            ],
            [
              27.8802105,
              46.8434444
            ],
            [
              27.8846339,
              46.843784
            ],
            [
              27.8892138,
              46.8381975
            ],
            [
              27.8914441,
              46.8345927
            ],
            [
              27.8921171,
              46.8286911
            ],
            [
              27.8892901,
              46.8268908
            ],
            [
              27.8935911,
              46.8217352
            ],
            [
              27.8913583,
              46.8207842
            ],
            [
              27.8950301,
              46.816466
            ],
            [
              27.888289,
              46.8137426
            ],
            [
              27.8951894,
              46.8072454
            ],
            [
              27.9022078,
              46.8094609
            ],
            [
              27.908844,
              46.805834
            ],
            [
              27.9151684,
              46.8087305
            ],
            [
              27.9165992,
              46.8113543
            ],
            [
              27.920329,
              46.8106045
            ],
            [
              27.9167648,
              46.8190579
            ],
            [
              27.9207089,
              46.8200436
            ],
            [
              27.9194134,
              46.8220089
            ],
            [
              27.9274962,
              46.8231026
            ],
            [
              27.9285732,
              46.8194049
            ],
            [
              27.9438322,
              46.8225118
            ],
            [
              27.9352737,
              46.8323787
            ],
            [
              27.9381996,
              46.834297
            ],
            [
              27.9395542,
              46.8331959
            ],
            [
              27.9410147,
              46.834066
            ],
            [
              27.9393749,
              46.8356611
            ],
            [
              27.9411595,
              46.8376634
            ],
            [
              27.9281447,
              46.8398331
            ],
            [
              27.9330629,
              46.8440916
            ],
            [
              27.9372283,
              46.8426154
            ],
            [
              27.9404397,
              46.8446573
            ],
            [
              27.9380265,
              46.849202
            ],
            [
              27.9287497,
              46.8556362
            ],
            [
              27.925607,
              46.8612074
            ],
            [
              27.9214592,
              46.8631612
            ],
            [
              27.9282831,
              46.8664135
            ],
            [
              27.9365869,
              46.8648025
            ],
            [
              27.9376457,
              46.8609803
            ],
            [
              27.9420103,
              46.8551824
            ],
            [
              27.9593126,
              46.8572769
            ],
            [
              27.9797982,
              46.8573409
            ],
            [
              27.9819941,
              46.8515087
            ],
            [
              27.9885493,
              46.8444914
            ],
            [
              27.9902267,
              46.8384155
            ],
            [
              28.008431,
              46.8394766
            ],
            [
              28.0092847,
              46.8376199
            ],
            [
              28.0146626,
              46.8351679
            ],
            [
              28.0146843,
              46.8338036
            ],
            [
              28.0219015,
              46.8334469
            ],
            [
              28.0272823,
              46.8386148
            ],
            [
              28.0279101,
              46.8378667
            ],
            [
              28.0497903,
              46.8469244
            ],
            [
              28.0529047,
              46.8509685
            ],
            [
              28.0580053,
              46.8477773
            ],
            [
              28.063957,
              46.8474721
            ],
            [
              28.0703067,
              46.8521992
            ],
            [
              28.0838613,
              46.8452231
            ],
            [
              28.086078,
              46.8469668
            ],
            [
              28.0877525,
              46.8459285
            ],
            [
              28.0913505,
              46.848573
            ],
            [
              28.0953327,
              46.8459947
            ],
            [
              28.1075593,
              46.8472216
            ],
            [
              28.1061046,
              46.8417373
            ],
            [
              28.1071027,
              46.84034
            ],
            [
              28.1096805,
              46.8384692
            ],
            [
              28.1147118,
              46.8376187
            ],
            [
              28.1156682,
              46.8359835
            ],
            [
              28.1160797,
              46.8287027
            ],
            [
              28.1143591,
              46.8219849
            ],
            [
              28.1186552,
              46.8186694
            ],
            [
              28.1235355,
              46.823083
            ],
            [
              28.1257729,
              46.8228309
            ],
            [
              28.1251909,
              46.8179904
            ],
            [
              28.1233493,
              46.8146315
            ],
            [
              28.1244469,
              46.813511
            ],
            [
              28.1310619,
              46.8129452
            ],
            [
              28.1279938,
              46.8100024
            ],
            [
              28.1285564,
              46.8066637
            ],
            [
              28.1347002,
              46.8020806
            ],
            [
              28.1445304,
              46.8023153
            ],
            [
              28.147952,
              46.798438
            ],
            [
              28.1528939,
              46.7991714
            ],
            [
              28.1528608,
              46.798014
            ],
            [
              28.1489232,
              46.7955545
            ],
            [
              28.1489861,
              46.7935493
            ],
            [
              28.1553472,
              46.7915723
            ],
            [
              28.1611449,
              46.7841777
            ],
            [
              28.162887,
              46.7870292
            ],
            [
              28.1611858,
              46.7913723
            ],
            [
              28.1651381,
              46.7912821
            ],
            [
              28.1665599,
              46.78921
            ],
            [
              28.1651454,
              46.7862219
            ],
            [
              28.1655292,
              46.7836747
            ],
            [
              28.1709807,
              46.7825408
            ],
            [
              28.1765802,
              46.7779301
            ],
            [
              28.1758855,
              46.7768695
            ],
            [
              28.1712699,
              46.7784716
            ],
            [
              28.1605287,
              46.7775628
            ],
            [
              28.1655082,
              46.7738635
            ],
            [
              28.1698535,
              46.7759332
            ],
            [
              28.1727266,
              46.7757828
            ],
            [
              28.1728415,
              46.7744029
            ],
            [
              28.1679697,
              46.7721885
            ],
            [
              28.1671326,
              46.7702696
            ],
            [
              28.1711042,
              46.7682354
            ],
            [
              28.177874,
              46.770803
            ],
            [
              28.1788384,
              46.766146
            ],
            [
              28.1777967,
              46.7583319
            ],
            [
              28.1854445,
              46.7596073
            ],
            [
              28.1816502,
              46.754876
            ],
            [
              28.1797665,
              46.7544669
            ],
            [
              28.1776869,
              46.7566323
            ],
            [
              28.1753088,
              46.7559348
            ],
            [
              28.1730504,
              46.7506403
            ],
            [
              28.1744035,
              46.7498484
            ],
            [
              28.1773503,
              46.750778
            ],
            [
              28.176278,
              46.7477378
            ],
            [
              28.1773589,
              46.7466124
            ],
            [
              28.1813719,
              46.747622
            ],
            [
              28.1829351,
              46.7469003
            ],
            [
              28.1839326,
              46.7430713
            ],
            [
              28.1794107,
              46.7439454
            ],
            [
              28.1778345,
              46.7428244
            ],
            [
              28.1802007,
              46.7373269
            ],
            [
              28.1830831,
              46.734341
            ],
            [
              28.1859749,
              46.733522
            ],
            [
              28.1916876,
              46.7360182
            ],
            [
              28.194354,
              46.734724
            ],
            [
              28.1951741,
              46.7298356
            ],
            [
              28.1891656,
              46.7287296
            ],
            [
              28.1862831,
              46.7243126
            ],
            [
              28.1873058,
              46.7230513
            ],
            [
              28.1931079,
              46.723293
            ],
            [
              28.194684,
              46.7215829
            ],
            [
              28.1888807,
              46.7188157
            ],
            [
              28.1938482,
              46.7154615
            ],
            [
              28.1964446,
              46.7151673
            ],
            [
              28.1980002,
              46.7163075
            ],
            [
              28.1952,
              46.7191173
            ],
            [
              28.2019205,
              46.7215516
            ],
            [
              28.202815,
              46.7210618
            ],
            [
              28.2014814,
              46.7157511
            ],
            [
              28.2064154,
              46.7147915
            ],
            [
              28.2094975,
              46.7118119
            ],
            [
              28.2096075,
              46.7036645
            ],
            [
              28.2020318,
              46.7003872
            ],
            [
              28.2041848,
              46.6986522
            ],
            [
              28.2126593,
              46.6973152
            ],
            [
              28.2147256,
              46.6935874
            ],
            [
              28.2125568,
              46.6876098
            ],
            [
              28.2074515,
              46.686421
            ],
            [
              28.2107913,
              46.6837911
            ],
            [
              28.2146816,
              46.6829925
            ],
            [
              28.215165,
              46.6882538
            ],
            [
              28.2204151,
              46.6906451
            ],
            [
              28.2246962,
              46.6799287
            ],
            [
              28.2238256,
              46.675729
            ],
            [
              28.2281941,
              46.6736955
            ],
            [
              28.2314038,
              46.6741021
            ],
            [
              28.2303442,
              46.6819481
            ],
            [
              28.2347671,
              46.6807917
            ],
            [
              28.2364614,
              46.6786199
            ],
            [
              28.2350483,
              46.6742951
            ],
            [
              28.2397844,
              46.6684564
            ],
            [
              28.2388032,
              46.6659883
            ],
            [
              28.2348026,
              46.6667431
            ],
            [
              28.2366053,
              46.6640176
            ],
            [
              28.2373782,
              46.6511791
            ],
            [
              28.2461997,
              46.6451845
            ],
            [
              28.2397251,
              46.6456494
            ],
            [
              28.2382463,
              46.6445852
            ],
            [
              28.2381641,
              46.6432198
            ],
            [
              28.2428964,
              46.6409175
            ],
            [
              28.2446253,
              46.6383949
            ],
            [
              28.2441473,
              46.634316
            ],
            [
              28.2399922,
              46.6321369
            ],
            [
              28.2390366,
              46.6303244
            ],
            [
              28.2408663,
              46.6277601
            ],
            [
              28.2459042,
              46.6284907
            ],
            [
              28.248628,
              46.6271524
            ],
            [
              28.2515997,
              46.6211795
            ],
            [
              28.2492041,
              46.6155805
            ],
            [
              28.252558,
              46.6123545
            ],
            [
              28.2445747,
              46.607835
            ],
            [
              28.2445918,
              46.6063884
            ],
            [
              28.2506591,
              46.6039098
            ],
            [
              28.2427812,
              46.6019819
            ],
            [
              28.2403258,
              46.6000999
            ],
            [
              28.2383341,
              46.5964114
            ],
            [
              28.24143,
              46.5928801
            ],
            [
              28.2394759,
              46.5894593
            ],
            [
              28.2309097,
              46.5849588
            ],
            [
              28.2405102,
              46.582337
            ],
            [
              28.241501,
              46.5811206
            ],
            [
              28.2362874,
              46.5799141
            ],
            [
              28.2228646,
              46.5798067
            ],
            [
              28.2253115,
              46.570917
            ],
            [
              28.2277873,
              46.5678748
            ],
            [
              28.2253696,
              46.5636664
            ],
            [
              28.2330615,
              46.5634214
            ],
            [
              28.2333701,
              46.5565396
            ],
            [
              28.2359018,
              46.5516156
            ],
            [
              28.234609,
              46.5510391
            ],
            [
              28.2266871,
              46.5537585
            ],
            [
              28.221107,
              46.5468844
            ],
            [
              28.2208123,
              46.5451729
            ],
            [
              28.2229784,
              46.5436813
            ],
            [
              28.2155978,
              46.5378697
            ],
            [
              28.2151709,
              46.5360841
            ],
            [
              28.2235409,
              46.5332731
            ],
            [
              28.2246249,
              46.5338556
            ],
            [
              28.2240019,
              46.5362404
            ],
            [
              28.2268433,
              46.5363259
            ],
            [
              28.2276422,
              46.5355652
            ],
            [
              28.2254713,
              46.5295537
            ],
            [
              28.2303061,
              46.5299337
            ],
            [
              28.2305224,
              46.5290269
            ],
            [
              28.229099,
              46.5241069
            ],
            [
              28.2246141,
              46.5203404
            ],
            [
              28.2215472,
              46.5202794
            ],
            [
              28.2181985,
              46.5233219
            ],
            [
              28.2141221,
              46.5221072
            ],
            [
              28.2201113,
              46.5177663
            ],
            [
              28.2230328,
              46.5112622
            ],
            [
              28.2212543,
              46.51028
            ],
            [
              28.2152133,
              46.5124688
            ],
            [
              28.2092938,
              46.5056327
            ],
            [
              28.2153139,
              46.5026602
            ],
            [
              28.2110854,
              46.5002271
            ],
            [
              28.2113438,
              46.4987286
            ],
            [
              28.2170318,
              46.4989065
            ],
            [
              28.21896,
              46.5021083
            ],
            [
              28.221374,
              46.5031234
            ],
            [
              28.2225377,
              46.5021212
            ],
            [
              28.2234137,
              46.4951469
            ],
            [
              28.2309489,
              46.4949103
            ],
            [
              28.2283695,
              46.4885253
            ],
            [
              28.2320108,
              46.4837956
            ],
            [
              28.2252682,
              46.480852
            ],
            [
              28.2248087,
              46.4795077
            ],
            [
              28.2359008,
              46.4757734
            ],
            [
              28.2387058,
              46.479016
            ],
            [
              28.2414161,
              46.4796818
            ],
            [
              28.2464722,
              46.4756666
            ],
            [
              28.2465483,
              46.4743239
            ],
            [
              28.2447798,
              46.4731758
            ],
            [
              28.2449942,
              46.4691667
            ],
            [
              28.250962,
              46.4668601
            ],
            [
              28.2459092,
              46.4646367
            ],
            [
              28.245621,
              46.463368
            ],
            [
              28.2584309,
              46.4621621
            ],
            [
              28.2561287,
              46.4588681
            ],
            [
              28.2482509,
              46.4569449
            ],
            [
              28.2399386,
              46.4521372
            ],
            [
              28.2425764,
              46.4472574
            ],
            [
              28.2570731,
              46.4473588
            ],
            [
              28.2611236,
              46.437388
            ],
            [
              28.2548935,
              46.4329956
            ],
            [
              28.2585461,
              46.4265449
            ],
            [
              28.2561569,
              46.4233594
            ],
            [
              28.250239,
              46.4206983
            ],
            [
              28.249902,
              46.4157311
            ],
            [
              28.2410393,
              46.4172582
            ],
            [
              28.2322782,
              46.4166372
            ],
            [
              28.2303338,
              46.4154214
            ],
            [
              28.2298362,
              46.4121874
            ],
            [
              28.2312087,
              46.4073837
            ],
            [
              28.2388451,
              46.4067513
            ],
            [
              28.2347342,
              46.4033408
            ],
            [
              28.2272062,
              46.4036967
            ],
            [
              28.2245951,
              46.4012803
            ],
            [
              28.2249835,
              46.3991137
            ],
            [
              28.2294096,
              46.3984885
            ],
            [
              28.2384405,
              46.4007717
            ],
            [
              28.243047,
              46.3959991
            ],
            [
              28.242906,
              46.3945171
            ],
            [
              28.2382734,
              46.3931797
            ],
            [
              28.2360614,
              46.3904578
            ],
            [
              28.2341353,
              46.3901942
            ],
            [
              28.23119,
              46.392044
            ],
            [
              28.2244782,
              46.3920464
            ],
            [
              28.2174379,
              46.3959376
            ],
            [
              28.2160812,
              46.3918188
            ],
            [
              28.2235915,
              46.3889015
            ],
            [
              28.2174879,
              46.3833236
            ],
            [
              28.2177592,
              46.3819433
            ],
            [
              28.2202422,
              46.3811348
            ],
            [
              28.2143014,
              46.3816606
            ],
            [
              28.2106669,
              46.3785213
            ],
            [
              28.2086445,
              46.3725967
            ],
            [
              28.2014941,
              46.3745565
            ],
            [
              28.199069,
              46.3734774
            ],
            [
              28.197515,
              46.3701296
            ],
            [
              28.2075579,
              46.3694205
            ],
            [
              28.203854,
              46.3666972
            ],
            [
              28.2062941,
              46.3644843
            ],
            [
              28.1988131,
              46.3650148
            ],
            [
              28.2011276,
              46.3586982
            ],
            [
              28.2049002,
              46.3606971
            ],
            [
              28.2089103,
              46.3593486
            ],
            [
              28.2011807,
              46.3564874
            ],
            [
              28.1926856,
              46.3573941
            ],
            [
              28.19379,
              46.3596658
            ],
            [
              28.1926086,
              46.3595637
            ],
            [
              28.1910997,
              46.3578309
            ],
            [
              28.1913066,
              46.3550589
            ],
            [
              28.196425,
              46.3497087
            ],
            [
              28.1924761,
              46.3492957
            ],
            [
              28.1852336,
              46.3517475
            ],
            [
              28.1890952,
              46.3527496
            ],
            [
              28.1883313,
              46.353793
            ],
            [
              28.1825966,
              46.3524189
            ],
            [
              28.1889239,
              46.3442427
            ],
            [
              28.1946127,
              46.3423231
            ],
            [
              28.1940351,
              46.3472437
            ],
            [
              28.1948963,
              46.3472772
            ],
            [
              28.1995992,
              46.3438709
            ],
            [
              28.1999413,
              46.3426386
            ],
            [
              28.1956763,
              46.3399907
            ],
            [
              28.1951325,
              46.3383768
            ],
            [
              28.1973217,
              46.3340524
            ],
            [
              28.1934802,
              46.334133
            ],
            [
              28.1880662,
              46.3374833
            ],
            [
              28.1841267,
              46.3326293
            ],
            [
              28.1926489,
              46.329822
            ],
            [
              28.186404,
              46.3266434
            ],
            [
              28.1911801,
              46.3248727
            ],
            [
              28.193398,
              46.3226331
            ],
            [
              28.1947846,
              46.3232733
            ],
            [
              28.1970367,
              46.3282247
            ],
            [
              28.1980287,
              46.328139
            ],
            [
              28.2002825,
              46.3256947
            ],
            [
              28.2014378,
              46.3203691
            ],
            [
              28.2091536,
              46.3205572
            ],
            [
              28.2024294,
              46.3103465
            ],
            [
              28.1948239,
              46.3027259
            ],
            [
              28.1894778,
              46.303297
            ],
            [
              28.1817974,
              46.2993665
            ],
            [
              28.1783975,
              46.300047
            ],
            [
              28.1784164,
              46.2975863
            ],
            [
              28.1809324,
              46.2948243
            ],
            [
              28.186981,
              46.2941611
            ],
            [
              28.1853023,
              46.2902607
            ],
            [
              28.1790127,
              46.2904735
            ],
            [
              28.1804119,
              46.285286
            ],
            [
              28.172516,
              46.2906669
            ],
            [
              28.1772468,
              46.2949358
            ],
            [
              28.1733604,
              46.2978199
            ],
            [
              28.1709546,
              46.2978026
            ],
            [
              28.1689412,
              46.2944571
            ],
            [
              28.1692979,
              46.2824723
            ],
            [
              28.1625988,
              46.2817528
            ],
            [
              28.164686,
              46.2865789
            ],
            [
              28.1564265,
              46.2861931
            ],
            [
              28.154047,
              46.2917256
            ],
            [
              28.149876,
              46.2923622
            ],
            [
              28.1488115,
              46.290661
            ],
            [
              28.1530819,
              46.2826883
            ],
            [
              28.1524421,
              46.2787271
            ],
            [
              28.1439932,
              46.2786648
            ],
            [
              28.1476805,
              46.2858181
            ],
            [
              28.1409906,
              46.2857098
            ],
            [
              28.136727,
              46.2799162
            ],
            [
              28.1365416,
              46.2693238
            ],
            [
              28.1346546,
              46.2669827
            ],
            [
              28.1360534,
              46.2644876
            ],
            [
              28.1329922,
              46.2628834
            ],
            [
              28.1262038,
              46.262092
            ],
            [
              28.1310454,
              46.2559615
            ],
            [
              28.1414645,
              46.2574465
            ],
            [
              28.1457927,
              46.2537857
            ],
            [
              28.1463976,
              46.2514574
            ],
            [
              28.1383731,
              46.2480358
            ],
            [
              28.1334341,
              46.2512295
            ],
            [
              28.1223378,
              46.2413708
            ],
            [
              28.1183426,
              46.242835
            ],
            [
              28.1191743,
              46.238615
            ],
            [
              28.1164839,
              46.2401947
            ],
            [
              28.1141667,
              46.2461162
            ],
            [
              28.1117365,
              46.2453007
            ],
            [
              28.1098546,
              46.2427076
            ],
            [
              28.1097809,
              46.2378982
            ],
            [
              28.112023,
              46.2325825
            ],
            [
              28.1095224,
              46.2254809
            ],
            [
              28.1062151,
              46.2213003
            ],
            [
              28.1119984,
              46.2200721
            ],
            [
              28.1110893,
              46.2167033
            ],
            [
              28.1074104,
              46.2147952
            ],
            [
              28.1127391,
              46.2128799
            ],
            [
              28.1148537,
              46.2108292
            ],
            [
              28.1100849,
              46.2068783
            ],
            [
              28.1095786,
              46.2045764
            ],
            [
              28.11247,
              46.2021228
            ],
            [
              28.1153925,
              46.2022988
            ],
            [
              28.1179433,
              46.2048097
            ],
            [
              28.1163731,
              46.2110141
            ],
            [
              28.119965,
              46.2123409
            ],
            [
              28.1229123,
              46.2112862
            ],
            [
              28.1256349,
              46.2083635
            ],
            [
              28.1258181,
              46.2040918
            ],
            [
              28.1224037,
              46.1987424
            ],
            [
              28.1174242,
              46.1955271
            ],
            [
              28.118026,
              46.1921683
            ],
            [
              28.1194872,
              46.1913288
            ],
            [
              28.1342802,
              46.1956842
            ],
            [
              28.1379664,
              46.1917353
            ],
            [
              28.141316,
              46.1922421
            ],
            [
              28.1406312,
              46.1831552
            ],
            [
              28.1350629,
              46.1859008
            ],
            [
              28.1316089,
              46.1860739
            ],
            [
              28.1307786,
              46.1848602
            ],
            [
              28.1324574,
              46.18171
            ],
            [
              28.1442986,
              46.1787072
            ],
            [
              28.1434676,
              46.1769447
            ],
            [
              28.1388416,
              46.1760223
            ],
            [
              28.131086,
              46.1789836
            ],
            [
              28.1284528,
              46.1783914
            ],
            [
              28.1294524,
              46.1747388
            ],
            [
              28.1382011,
              46.1707806
            ],
            [
              28.1430832,
              46.1643571
            ],
            [
              28.1370437,
              46.1627645
            ],
            [
              28.1323934,
              46.1541676
            ],
            [
              28.1272008,
              46.1555275
            ],
            [
              28.124945,
              46.1527625
            ],
            [
              28.1236369,
              46.1475055
            ],
            [
              28.1292438,
              46.1439587
            ],
            [
              28.128645,
              46.1414527
            ],
            [
              28.1250081,
              46.1374279
            ],
            [
              28.1289305,
              46.1308979
            ],
            [
              28.1344485,
              46.1304549
            ],
            [
              28.12984,
              46.1257139
            ],
            [
              28.1243176,
              46.1256045
            ],
            [
              28.1255053,
              46.1198159
            ],
            [
              28.1239218,
              46.1163975
            ],
            [
              28.124197,
              46.1115808
            ],
            [
              28.1185641,
              46.1126548
            ],
            [
              28.116721,
              46.1111913
            ]
          ]
        ]
      },
      "properties": {
        "name": "Regiunea Bârlad",
        "start_year": 1952,
        "end_year": 1956,
        "subtitle": "1952 — 1956 (reședință Bârlad)",
        "approx_note": "Uniune aproximativă: Galați + Vaslui (include Bârlad, Huși). Regiunea includea și nordul Vrancei."
      }
    },
    {
      "type": "Feature",
      "geometry": {
        "type": "Polygon",
        "coordinates": [
          [
            [
              29.688848,
              45.1979575
            ],
            [
              29.684935,
              45.201563
            ],
            [
              29.6765873,
              45.201842
            ],
            [
              29.6742256,
              45.20352
            ],
            [
              29.6737598,
              45.2061128
            ],
            [
              29.6690961,
              45.2084109
            ],
            [
              29.6561338,
              45.2105188
            ],
            [
              29.6464869,
              45.2100089
            ],
            [
              29.6359201,
              45.2120851
            ],
            [
              29.6329173,
              45.2112757
            ],
            [
              29.6361014,
              45.2043313
            ],
            [
              29.6316466,
              45.2041901
            ],
            [
              29.6377551,
              45.180514
            ],
            [
              29.6425344,
              45.1696322
            ],
            [
              29.6442284,
              45.1674407
            ],
            [
              29.6479803,
              45.1664733
            ],
            [
              29.6544949,
              45.1683282
            ],
            [
              29.6536846,
              45.1639786
            ],
            [
              29.6575319,
              45.1626686
            ],
            [
              29.6720552,
              45.1643617
            ],
            [
              29.6743764,
              45.1686478
            ],
            [
              29.6772972,
              45.1698283
            ],
            [
              29.6833432,
              45.1637101
            ],
            [
              29.6885396,
              45.1636927
            ],
            [
              29.6930423,
              45.1663529
            ],
            [
              29.6971839,
              45.1651227
            ],
            [
              29.7020424,
              45.1666825
            ],
            [
              29.7191671,
              45.1659809
            ],
            [
              29.7210221,
              45.1669005
            ],
            [
              29.7210869,
              45.1657334
            ],
            [
              29.7298755,
              45.1633402
            ],
            [
              29.7485768,
              45.1550301
            ],
            [
              29.7537347,
              45.1624379
            ],
            [
              29.762012,
              45.1858781
            ],
            [
              29.7638129,
              45.1857242
            ],
            [
              29.7553704,
              45.1623993
            ],
            [
              29.7539483,
              45.1623137
            ],
            [
              29.7488462,
              45.1549136
            ],
            [
              29.7684058,
              45.1464817
            ],
            [
              29.7674336,
              45.1445558
            ],
            [
              29.760225,
              45.1476801
            ],
            [
              29.7540893,
              45.1431767
            ],
            [
              29.7546169,
              45.1501881
            ],
            [
              29.7394466,
              45.1568216
            ],
            [
              29.7375327,
              45.155116
            ],
            [
              29.7342716,
              45.1565336
            ],
            [
              29.733066,
              45.1596167
            ],
            [
              29.7257299,
              45.1625775
            ],
            [
              29.712925,
              45.1614846
            ],
            [
              29.7033555,
              45.1581236
            ],
            [
              29.6937439,
              45.1521602
            ],
            [
              29.6919711,
              45.1502388
            ],
            [
              29.6927105,
              45.1496945
            ],
            [
              29.6765868,
              45.1369976
            ],
            [
              29.6665705,
              45.1235944
            ],
            [
              29.6554444,
              45.100445
            ],
            [
              29.6467457,
              45.0631934
            ],
            [
              29.6374344,
              44.9876507
            ],
            [
              29.6209027,
              44.881647
            ],
            [
              29.6166725,
              44.8737358
            ],
            [
              29.6141423,
              44.8590015
            ],
            [
              29.6069192,
              44.8466826
            ],
            [
              29.5894939,
              44.8270127
            ],
            [
              29.5650498,
              44.807278
            ],
            [
              29.5457684,
              44.7945309
            ],
            [
              29.5384218,
              44.7873363
            ],
            [
              29.5234763,
              44.778278
            ],
            [
              29.511228,
              44.7729145
            ],
            [
              29.4926936,
              44.7686146
            ],
            [
              29.478185,
              44.7685679
            ],
            [
              29.469605,
              44.7701299
            ],
            [
              29.4600545,
              44.7744498
            ],
            [
              29.4556814,
              44.7785437
            ],
            [
              29.4559322,
              44.7832477
            ],
            [
              29.456857,
              44.7781109
            ],
            [
              29.4670832,
              44.773851
            ],
            [
              29.4738819,
              44.7714934
            ],
            [
              29.489021,
              44.7702098
            ],
            [
              29.4679005,
              44.7772538
            ],
            [
              29.4654911,
              44.7814578
            ],
            [
              29.4713928,
              44.7808176
            ],
            [
              29.4765292,
              44.7791356
            ],
            [
              29.4736575,
              44.7787047
            ],
            [
              29.4709193,
              44.7806445
            ],
            [
              29.4753478,
              44.776839
            ],
            [
              29.4790368,
              44.7753561
            ],
            [
              29.4897295,
              44.7739088
            ],
            [
              29.4894025,
              44.7752161
            ],
            [
              29.492778,
              44.774714
            ],
            [
              29.4862723,
              44.7767931
            ],
            [
              29.4925261,
              44.7758409
            ],
            [
              29.4887269,
              44.7777234
            ],
            [
              29.5020427,
              44.7765625
            ],
            [
              29.5011149,
              44.7774701
            ],
            [
              29.5120766,
              44.77777
            ],
            [
              29.5200393,
              44.7798672
            ],
            [
              29.5146633,
              44.781811
            ],
            [
              29.5212226,
              44.7813673
            ],
            [
              29.5277006,
              44.782528
            ],
            [
              29.5249775,
              44.7837518
            ],
            [
              29.5249717,
              44.7861759
            ],
            [
              29.5227384,
              44.7872235
            ],
            [
              29.5335654,
              44.7881345
            ],
            [
              29.5345827,
              44.7907045
            ],
            [
              29.5537634,
              44.8084214
            ],
            [
              29.5617623,
              44.8132649
            ],
            [
              29.5702515,
              44.8229845
            ],
            [
              29.4379473,
              44.8167297
            ],
            [
              29.4091241,
              44.8131589
            ],
            [
              29.355518,
              44.8095236
            ],
            [
              29.2684532,
              44.7998869
            ],
            [
              29.2200261,
              44.7920213
            ],
            [
              29.2108412,
              44.7884472
            ],
            [
              29.1724692,
              44.7802769
            ],
            [
              29.1333097,
              44.7697412
            ],
            [
              29.1089484,
              44.7607559
            ],
            [
              29.0850907,
              44.7490353
            ],
            [
              29.0608344,
              44.7335331
            ],
            [
              29.0288789,
              44.7100834
            ],
            [
              29.0065899,
              44.6910243
            ],
            [
              29.0066331,
              44.689338
            ],
            [
              28.9944447,
              44.67975
            ],
            [
              28.9919914,
              44.6805584
            ],
            [
              28.9882351,
              44.6784486
            ],
            [
              28.9857047,
              44.6791137
            ],
            [
              28.9813047,
              44.6828366
            ],
            [
              28.9767637,
              44.6839591
            ],
            [
              28.9696117,
              44.6898371
            ],
            [
              28.9581357,
              44.6942583
            ],
            [
              28.9290118,
              44.6977309
            ],
            [
              28.9145818,
              44.6966537
            ],
            [
              28.9126573,
              44.6945152
            ],
            [
              28.9138831,
              44.6907022
            ],
            [
              28.9156784,
              44.6901178
            ],
            [
              28.9148153,
              44.6862806
            ],
            [
              28.8916257,
              44.6774526
            ],
            [
              28.8793137,
              44.6699647
            ],
            [
              28.8653849,
              44.6640688
            ],
            [
              28.8628511,
              44.662452
            ],
            [
              28.8624795,
              44.6605948
            ],
            [
              28.8356317,
              44.6423658
            ],
            [
              28.8243544,
              44.6323413
            ],
            [
              28.8079678,
              44.6330539
            ],
            [
              28.8037762,
              44.6390485
            ],
            [
              28.8016154,
              44.6389922
            ],
            [
              28.8016886,
              44.6362631
            ],
            [
              28.7989532,
              44.6345234
            ],
            [
              28.7905885,
              44.6351245
            ],
            [
              28.7844975,
              44.6413344
            ],
            [
              28.7849012,
              44.6445358
            ],
            [
              28.7812446,
              44.6471957
            ],
            [
              28.7800441,
              44.6461941
            ],
            [
              28.7782082,
              44.6487477
            ],
            [
              28.7776168,
              44.6507234
            ],
            [
              28.7793866,
              44.651683
            ],
            [
              28.7785796,
              44.6550115
            ],
            [
              28.7495139,
              44.6542874
            ],
            [
              28.7477344,
              44.6510822
            ],
            [
              28.7409501,
              44.6467852
            ],
            [
              28.7330905,
              44.6516317
            ],
            [
              28.7252819,
              44.6487503
            ],
            [
              28.710405,
              44.6550163
            ],
            [
              28.6960944,
              44.6501475
            ],
            [
              28.6919054,
              44.6529241
            ],
            [
              28.7015435,
              44.6576993
            ],
            [
              28.677692,
              44.6626077
            ],
            [
              28.6830068,
              44.6688198
            ],
            [
              28.5961674,
              44.6583528
            ],
            [
              28.5905861,
              44.6541856
            ],
            [
              28.5810489,
              44.6580897
            ],
            [
              28.536055,
              44.6625175
            ],
            [
              28.5324708,
              44.661118
            ],
            [
              28.5285068,
              44.6359202
            ],
            [
              28.5243058,
              44.6360071
            ],
            [
              28.5208281,
              44.6341851
            ],
            [
              28.4741039,
              44.6473714
            ],
            [
              28.4671523,
              44.6482454
            ],
            [
              28.4712639,
              44.6533981
            ],
            [
              28.4692467,
              44.6570109
            ],
            [
              28.4660882,
              44.6560601
            ],
            [
              28.4631382,
              44.65855
            ],
            [
              28.4463531,
              44.6647057
            ],
            [
              28.4483307,
              44.6686632
            ],
            [
              28.4348008,
              44.6738031
            ],
            [
              28.4277714,
              44.6580358
            ],
            [
              28.4375139,
              44.6541261
            ],
            [
              28.4335634,
              44.6495026
            ],
            [
              28.4490311,
              44.6429957
            ],
            [
              28.4358576,
              44.6253211
            ],
            [
              28.4346757,
              44.6166559
            ],
            [
              28.4212675,
              44.6159926
            ],
            [
              28.4213635,
              44.6174208
            ],
            [
              28.4195232,
              44.6186026
            ],
            [
              28.4198396,
              44.621438
            ],
            [
              28.4093144,
              44.6245797
            ],
            [
              28.4120424,
              44.6298393
            ],
            [
              28.3951405,
              44.6347222
            ],
            [
              28.3972169,
              44.6377783
            ],
            [
              28.4015357,
              44.6404123
            ],
            [
              28.4029121,
              44.6451706
            ],
            [
              28.407413,
              44.6465632
            ],
            [
              28.4083109,
              44.6489224
            ],
            [
              28.4044175,
              44.6489777
            ],
            [
              28.3963668,
              44.6388136
            ],
            [
              28.386918,
              44.6395163
            ],
            [
              28.3878546,
              44.6417955
            ],
            [
              28.3877766,
              44.6443106
            ],
            [
              28.3861705,
              44.6451105
            ],
            [
              28.3868077,
              44.6519504
            ],
            [
              28.3791182,
              44.6526256
            ],
            [
              28.377412,
              44.6564307
            ],
            [
              28.3787306,
              44.659062
            ],
            [
              28.3786211,
              44.6632509
            ],
            [
              28.3773165,
              44.6637282
            ],
            [
              28.3850836,
              44.6799771
            ],
            [
              28.3780641,
              44.6809249
            ],
            [
              28.3785675,
              44.6842329
            ],
            [
              28.3746222,
              44.6863142
            ],
            [
              28.3699441,
              44.6847453
            ],
            [
              28.3649261,
              44.6848335
            ],
            [
              28.365541,
              44.691604
            ],
            [
              28.3515048,
              44.6923196
            ],
            [
              28.3498426,
              44.6907053
            ],
            [
              28.3146346,
              44.6960711
            ],
            [
              28.3269526,
              44.7073183
            ],
            [
              28.3127308,
              44.7114864
            ],
            [
              28.2985779,
              44.7069239
            ],
            [
              28.291803,
              44.7086888
            ],
            [
              28.2738725,
              44.6973423
            ],
            [
              28.2678666,
              44.6992174
            ],
            [
              28.2743332,
              44.7042147
            ],
            [
              28.279227,
              44.7120277
            ],
            [
              28.2754407,
              44.7131906
            ],
            [
              28.2715786,
              44.7104311
            ],
            [
              28.2688012,
              44.7122444
            ],
            [
              28.2747174,
              44.7183682
            ],
            [
              28.261821,
              44.7268354
            ],
            [
              28.262404,
              44.7287273
            ],
            [
              28.2588166,
              44.7479112
            ],
            [
              28.2619913,
              44.747722
            ],
            [
              28.2631997,
              44.7511362
            ],
            [
              28.2627108,
              44.7557981
            ],
            [
              28.2404267,
              44.7561242
            ],
            [
              28.239929,
              44.7646731
            ],
            [
              28.2212344,
              44.7641251
            ],
            [
              28.217044,
              44.7623404
            ],
            [
              28.2161392,
              44.7616997
            ],
            [
              28.2164065,
              44.7539283
            ],
            [
              28.1944936,
              44.7542139
            ],
            [
              28.1815203,
              44.7611249
            ],
            [
              28.1815975,
              44.785387
            ],
            [
              28.152601,
              44.8006219
            ],
            [
              28.1325705,
              44.800848
            ],
            [
              28.1273942,
              44.7970311
            ],
            [
              28.1243844,
              44.7970545
            ],
            [
              28.1214718,
              44.7988618
            ],
            [
              28.1143995,
              44.793399
            ],
            [
              28.0773926,
              44.801982
            ],
            [
              28.0730365,
              44.8018622
            ],
            [
              28.0668238,
              44.7862836
            ],
            [
              28.0637714,
              44.7823757
            ],
            [
              28.0462721,
              44.7740922
            ],
            [
              28.0361094,
              44.7606088
            ],
            [
              28.0339913,
              44.7600703
            ],
            [
              28.0294837,
              44.7633478
            ],
            [
              28.0248345,
              44.7639492
            ],
            [
              28.0178041,
              44.7590168
            ],
            [
              28.0109375,
              44.7571767
            ],
            [
              27.9934723,
              44.7604412
            ],
            [
              27.9650299,
              44.776135
            ],
            [
              27.9572362,
              44.7790193
            ],
            [
              27.9481188,
              44.7805688
            ],
            [
              27.8972143,
              44.7724377
            ],
            [
              27.8810163,
              44.7630649
            ],
            [
              27.8810998,
              44.7656067
            ],
            [
              27.8776947,
              44.7712924
            ],
            [
              27.87124,
              44.7750156
            ],
            [
              27.8573254,
              44.7755795
            ],
            [
              27.8314271,
              44.7790962
            ],
            [
              27.8233261,
              44.7862947
            ],
            [
              27.8207639,
              44.7936269
            ],
            [
              27.8208448,
              44.7998262
            ],
            [
              27.826265,
              44.8096633
            ],
            [
              27.8264923,
              44.8200191
            ],
            [
              27.81978,
              44.8189205
            ],
            [
              27.8184113,
              44.8204225
            ],
            [
              27.8058522,
              44.8198751
            ],
            [
              27.8014707,
              44.8173325
            ],
            [
              27.8002475,
              44.8147821
            ],
            [
              27.7922196,
              44.8185915
            ],
            [
              27.7885581,
              44.818774
            ],
            [
              27.7827925,
              44.8152254
            ],
            [
              27.7755938,
              44.8049636
            ],
            [
              27.7505367,
              44.8077631
            ],
            [
              27.728294,
              44.8017248
            ],
            [
              27.7254581,
              44.7940792
            ],
            [
              27.7312087,
              44.7941401
            ],
            [
              27.7312945,
              44.7905463
            ],
            [
              27.7358865,
              44.7906681
            ],
            [
              27.7379894,
              44.7882315
            ],
            [
              27.7436542,
              44.7884143
            ],
            [
              27.7441691,
              44.7792154
            ],
            [
              27.7231406,
              44.7778141
            ],
            [
              27.7219077,
              44.7650506
            ],
            [
              27.7203366,
              44.7652648
            ],
            [
              27.7205015,
              44.7668974
            ],
            [
              27.6490735,
              44.7703053
            ],
            [
              27.6494575,
              44.7751474
            ],
            [
              27.6484197,
              44.7757692
            ],
            [
              27.5910213,
              44.7779659
            ],
            [
              27.5916164,
              44.7834541
            ],
            [
              27.5330579,
              44.7843937
            ],
            [
              27.5287557,
              44.7886351
            ],
            [
              27.5215673,
              44.7889092
            ],
            [
              27.5268459,
              44.7740136
            ],
            [
              27.5031313,
              44.774428
            ],
            [
              27.5033068,
              44.7800531
            ],
            [
              27.4839509,
              44.7804351
            ],
            [
              27.4780182,
              44.775209
            ],
            [
              27.436798,
              44.7989589
            ],
            [
              27.4077629,
              44.7730172
            ],
            [
              27.3915961,
              44.7833705
            ],
            [
              27.3819645,
              44.7746838
            ],
            [
              27.363877,
              44.7874773
            ],
            [
              27.3659139,
              44.7895328
            ],
            [
              27.3411231,
              44.802613
            ],
            [
              27.3096022,
              44.7747013
            ],
            [
              27.2886064,
              44.7857781
            ],
            [
              27.2576279,
              44.7496852
            ],
            [
              27.2440393,
              44.7571838
            ],
            [
              27.2307921,
              44.7687494
            ],
            [
              27.2273011,
              44.7701543
            ],
            [
              27.2283403,
              44.7716654
            ],
            [
              27.2215682,
              44.775307
            ],
            [
              27.2235811,
              44.7826008
            ],
            [
              27.20349,
              44.7870779
            ],
            [
              27.207752,
              44.7968766
            ],
            [
              27.1979411,
              44.801316
            ],
            [
              27.1993091,
              44.8040225
            ],
            [
              27.19807,
              44.8047899
            ],
            [
              27.1890598,
              44.8068883
            ],
            [
              27.1911727,
              44.8117804
            ],
            [
              27.2115531,
              44.806886
            ],
            [
              27.2178971,
              44.8259453
            ],
            [
              27.2314912,
              44.8592987
            ],
            [
              27.2220541,
              44.8615468
            ],
            [
              27.2211899,
              44.8605206
            ],
            [
              27.2129158,
              44.8638064
            ],
            [
              27.2160324,
              44.8712829
            ],
            [
              27.2105981,
              44.872702
            ],
            [
              27.2111768,
              44.8738431
            ],
            [
              27.2349003,
              44.869128
            ],
            [
              27.2447019,
              44.897286
            ],
            [
              27.2554149,
              44.9182964
            ],
            [
              27.2662897,
              44.9477312
            ],
            [
              27.2808664,
              44.9951018
            ],
            [
              27.280139,
              44.9976462
            ],
            [
              27.276009,
              44.9955228
            ],
            [
              27.2753266,
              44.993755
            ],
            [
              27.2688963,
              44.9958763
            ],
            [
              27.249277,
              44.9949234
            ],
            [
              27.2533218,
              45.0209868
            ],
            [
              27.2463716,
              45.0205353
            ],
            [
              27.2477284,
              45.0271333
            ],
            [
              27.197564,
              45.0280413
            ],
            [
              27.2000887,
              45.0547893
            ],
            [
              27.2025854,
              45.0639442
            ],
            [
              27.2061032,
              45.0696578
            ],
            [
              27.2025059,
              45.069161
            ],
            [
              27.2054252,
              45.0925879
            ],
            [
              27.1886559,
              45.0920804
            ],
            [
              27.1877961,
              45.0875663
            ],
            [
              27.181544,
              45.0874448
            ],
            [
              27.1777824,
              45.0912197
            ],
            [
              27.1778741,
              45.0938761
            ],
            [
              27.1751849,
              45.0967706
            ],
            [
              27.1754958,
              45.1057167
            ],
            [
              27.1821658,
              45.1060469
            ],
            [
              27.1822954,
              45.1073584
            ],
            [
              27.18481,
              45.106794
            ],
            [
              27.1873906,
              45.1090126
            ],
            [
              27.1826244,
              45.1124252
            ],
            [
              27.1790987,
              45.1132691
            ],
            [
              27.1670213,
              45.1098132
            ],
            [
              27.1517182,
              45.1568617
            ],
            [
              27.1518653,
              45.1615521
            ],
            [
              27.1495887,
              45.1712197
            ],
            [
              27.1119557,
              45.1563967
            ],
            [
              27.113622,
              45.1546935
            ],
            [
              27.1092856,
              45.1529736
            ],
            [
              27.1144964,
              45.1374294
            ],
            [
              27.0976608,
              45.1304632
            ],
            [
              27.0928606,
              45.1350743
            ],
            [
              27.0909402,
              45.1391748
            ],
            [
              27.0880514,
              45.139818
            ],
            [
              27.0794626,
              45.1482079
            ],
            [
              27.0757939,
              45.1494418
            ],
            [
              27.071587,
              45.1561314
            ],
            [
              27.0680291,
              45.1555066
            ],
            [
              27.066304,
              45.1584808
            ],
            [
              27.0843789,
              45.1798651
            ],
            [
              27.0994929,
              45.1892517
            ],
            [
              27.1102407,
              45.1995477
            ],
            [
              27.1148136,
              45.201956
            ],
            [
              27.1182246,
              45.2071831
            ],
            [
              27.1206951,
              45.2142356
            ],
            [
              27.1182828,
              45.2148838
            ],
            [
              27.122106,
              45.2176025
            ],
            [
              27.1253434,
              45.2149384
            ],
            [
              27.1750952,
              45.2493368
            ],
            [
              27.2106167,
              45.2236525
            ],
            [
              27.239074,
              45.2099222
            ],
            [
              27.2426839,
              45.2202706
            ],
            [
              27.2836863,
              45.2000988
            ],
            [
              27.2923974,
              45.2134788
            ],
            [
              27.3037568,
              45.2136068
            ],
            [
              27.3065078,
              45.2113105
            ],
            [
              27.3078094,
              45.2121691
            ],
            [
              27.3151874,
              45.2106066
            ],
            [
              27.3209461,
              45.2164717
            ],
            [
              27.3353737,
              45.21084
            ],
            [
              27.3500937,
              45.2122251
            ],
            [
              27.3395365,
              45.2157018
            ],
            [
              27.3484108,
              45.2245963
            ],
            [
              27.3439575,
              45.2260061
            ],
            [
              27.3517437,
              45.2314042
            ],
            [
              27.3278549,
              45.2387469
            ],
            [
              27.33983,
              45.2527364
            ],
            [
              27.3193743,
              45.2615003
            ],
            [
              27.3280271,
              45.276032
            ],
            [
              27.3219939,
              45.2791421
            ],
            [
              27.3167776,
              45.2856199
            ],
            [
              27.3136884,
              45.2872902
            ],
            [
              27.3125245,
              45.2921952
            ],
            [
              27.3257308,
              45.2918073
            ],
            [
              27.3320893,
              45.2885275
            ],
            [
              27.3351925,
              45.2841994
            ],
            [
              27.365669,
              45.2726463
            ],
            [
              27.3680825,
              45.2725687
            ],
            [
              27.373871,
              45.2760753
            ],
            [
              27.3717428,
              45.2817159
            ],
            [
              27.3805322,
              45.2834891
            ],
            [
              27.3844732,
              45.283065
            ],
            [
              27.3857002,
              45.2851202
            ],
            [
              27.3901694,
              45.2866833
            ],
            [
              27.3895795,
              45.2895538
            ],
            [
              27.3871763,
              45.2898361
            ],
            [
              27.3868595,
              45.293192
            ],
            [
              27.3884663,
              45.2993469
            ],
            [
              27.3890637,
              45.3126479
            ],
            [
              27.3869342,
              45.3180375
            ],
            [
              27.3814729,
              45.3235411
            ],
            [
              27.3815711,
              45.3262434
            ],
            [
              27.3797846,
              45.3297644
            ],
            [
              27.3931767,
              45.3316205
            ],
            [
              27.3915045,
              45.3372838
            ],
            [
              27.408855,
              45.3403869
            ],
            [
              27.4065415,
              45.3408056
            ],
            [
              27.4097403,
              45.3427215
            ],
            [
              27.407821,
              45.3436843
            ],
            [
              27.407875,
              45.3529605
            ],
            [
              27.3995747,
              45.3582638
            ],
            [
              27.398408,
              45.3615504
            ],
            [
              27.4045693,
              45.363402
            ],
            [
              27.4068956,
              45.3613863
            ],
            [
              27.4417392,
              45.375741
            ],
            [
              27.4347603,
              45.3947091
            ],
            [
              27.4153346,
              45.3854717
            ],
            [
              27.4014697,
              45.3770194
            ],
            [
              27.3944455,
              45.3833158
            ],
            [
              27.3798417,
              45.3751103
            ],
            [
              27.3554216,
              45.3711982
            ],
            [
              27.3366259,
              45.3713346
            ],
            [
              27.3395847,
              45.3835116
            ],
            [
              27.2700348,
              45.3902096
            ],
            [
              27.2646242,
              45.4205015
            ],
            [
              27.2654978,
              45.4223597
            ],
            [
              27.2727951,
              45.4255443
            ],
            [
              27.2735395,
              45.4281626
            ],
            [
              27.2802634,
              45.4268286
            ],
            [
              27.2769871,
              45.4322353
            ],
            [
              27.2811317,
              45.4335361
            ],
            [
              27.2795001,
              45.4543513
            ],
            [
              27.2567312,
              45.4494179
            ],
            [
              27.2540868,
              45.4437759
            ],
            [
              27.251479,
              45.4439822
            ],
            [
              27.2468896,
              45.4409326
            ],
            [
              27.2445222,
              45.4379604
            ],
            [
              27.2465214,
              45.4346589
            ],
            [
              27.2439557,
              45.4343569
            ],
            [
              27.2410352,
              45.4299161
            ],
            [
              27.2380096,
              45.4329613
            ],
            [
              27.2345722,
              45.4307513
            ],
            [
              27.2305425,
              45.430773
            ],
            [
              27.2285216,
              45.4280033
            ],
            [
              27.2234392,
              45.4275851
            ],
            [
              27.2121251,
              45.4409546
            ],
            [
              27.2042877,
              45.4528386
            ],
            [
              27.199684,
              45.4506817
            ],
            [
              27.1944082,
              45.4533681
            ],
            [
              27.1828128,
              45.4373703
            ],
            [
              27.1740281,
              45.4316253
            ],
            [
              27.1747684,
              45.4276724
            ],
            [
              27.1479249,
              45.416422
            ],
            [
              27.143526,
              45.4105023
            ],
            [
              27.131853,
              45.4086344
            ],
            [
              27.1148475,
              45.4092998
            ],
            [
              27.1200641,
              45.4208103
            ],
            [
              27.1040876,
              45.4260356
            ],
            [
              27.1127032,
              45.4347541
            ],
            [
              27.1066545,
              45.4385237
            ],
            [
              27.1160276,
              45.4419926
            ],
            [
              27.1204244,
              45.4476945
            ],
            [
              27.1312566,
              45.4473059
            ],
            [
              27.1353393,
              45.4500451
            ],
            [
              27.1352829,
              45.4512691
            ],
            [
              27.1394381,
              45.4501455
            ],
            [
              27.1429496,
              45.4513329
            ],
            [
              27.1453981,
              45.4550802
            ],
            [
              27.1467871,
              45.4547223
            ],
            [
              27.1582834,
              45.465208
            ],
            [
              27.1402376,
              45.4728323
            ],
            [
              27.1385927,
              45.4678608
            ],
            [
              27.1361727,
              45.4655773
            ],
            [
              27.1302443,
              45.4671118
            ],
            [
              27.1272506,
              45.4662696
            ],
            [
              27.1261859,
              45.4666228
            ],
            [
              27.1274676,
              45.4689162
            ],
            [
              27.1092845,
              45.4748933
            ],
            [
              27.1090831,
              45.4688163
            ],
            [
              27.1036746,
              45.4705868
            ],
            [
              27.1003104,
              45.4583268
            ],
            [
              27.0976766,
              45.4585019
            ],
            [
              27.0899409,
              45.4458981
            ],
            [
              27.0723027,
              45.4484239
            ],
            [
              27.0670466,
              45.4480314
            ],
            [
              27.0587087,
              45.4511651
            ],
            [
              27.0454463,
              45.4525758
            ],
            [
              27.0377931,
              45.4608922
            ],
            [
              27.0182135,
              45.4781286
            ],
            [
              27.0022308,
              45.4848728
            ],
            [
              27.0013567,
              45.4913528
            ],
            [
              26.9906627,
              45.5074352
            ],
            [
              26.9855225,
              45.5114875
            ],
            [
              26.9840701,
              45.5180716
            ],
            [
              26.9850963,
              45.5195966
            ],
            [
              26.9805236,
              45.5226883
            ],
            [
              26.9798478,
              45.5271687
            ],
            [
              26.9750736,
              45.53197
            ],
            [
              26.9872596,
              45.5366535
            ],
            [
              26.9858538,
              45.537734
            ],
            [
              26.9733426,
              45.5333
            ],
            [
              26.9711732,
              45.5353663
            ],
            [
              26.9674852,
              45.5333645
            ],
            [
              26.9641421,
              45.5336809
            ],
            [
              26.963353,
              45.5307218
            ],
            [
              26.955407,
              45.5290132
            ],
            [
              26.9482968,
              45.5218687
            ],
            [
              26.9461448,
              45.5250385
            ],
            [
              26.9405468,
              45.5254931
            ],
            [
              26.9419041,
              45.530527
            ],
            [
              26.9392929,
              45.5304037
            ],
            [
              26.9385444,
              45.5320233
            ],
            [
              26.933648,
              45.5327973
            ],
            [
              26.9332987,
              45.5311491
            ],
            [
              26.9298983,
              45.5315738
            ],
            [
              26.9282436,
              45.5347545
            ],
            [
              26.9262483,
              45.5353604
            ],
            [
              26.9203085,
              45.5349334
            ],
            [
              26.9182694,
              45.5325775
            ],
            [
              26.9147393,
              45.5354259
            ],
            [
              26.906081,
              45.5328356
            ],
            [
              26.9065127,
              45.5356605
            ],
            [
              26.9033643,
              45.5386525
            ],
            [
              26.900699,
              45.5347419
            ],
            [
              26.9001979,
              45.523427
            ],
            [
              26.8988878,
              45.5227704
            ],
            [
              26.8966693,
              45.5243376
            ],
            [
              26.8940537,
              45.522943
            ],
            [
              26.8901674,
              45.5168084
            ],
            [
              26.8854669,
              45.5162855
            ],
            [
              26.86863,
              45.5232794
            ],
            [
              26.8586912,
              45.5249382
            ],
            [
              26.8544324,
              45.5242473
            ],
            [
              26.853052,
              45.5253578
            ],
            [
              26.8403496,
              45.5207881
            ],
            [
              26.8380561,
              45.5213377
            ],
            [
              26.8339228,
              45.5178371
            ],
            [
              26.8245264,
              45.5230599
            ],
            [
              26.8202767,
              45.529232
            ],
            [
              26.8176267,
              45.5287552
            ],
            [
              26.813668,
              45.5365465
            ],
            [
              26.8117496,
              45.537516
            ],
            [
              26.8095154,
              45.5422064
            ],
            [
              26.8077633,
              45.5427852
            ],
            [
              26.8084892,
              45.5449653
            ],
            [
              26.8075427,
              45.5467688
            ],
            [
              26.8054235,
              45.5478489
            ],
            [
              26.799872,
              45.5476701
            ],
            [
              26.795184,
              45.5503075
            ],
            [
              26.7924736,
              45.5504794
            ],
            [
              26.7921573,
              45.5522599
            ],
            [
              26.7880256,
              45.5494182
            ],
            [
              26.7822181,
              45.547774
            ],
            [
              26.7798389,
              45.5505719
            ],
            [
              26.7747058,
              45.548582
            ],
            [
              26.772713,
              45.5503805
            ],
            [
              26.7667605,
              45.5513843
            ],
            [
              26.76408,
              45.5491604
            ],
            [
              26.7606538,
              45.5488034
            ],
            [
              26.7615332,
              45.5510815
            ],
            [
              26.7591599,
              45.5504138
            ],
            [
              26.7597172,
              45.5488399
            ],
            [
              26.7571146,
              45.5485368
            ],
            [
              26.7542194,
              45.5500523
            ],
            [
              26.7484504,
              45.5484133
            ],
            [
              26.7432584,
              45.5506282
            ],
            [
              26.7438162,
              45.5525821
            ],
            [
              26.7391024,
              45.5568687
            ],
            [
              26.7468532,
              45.5625151
            ],
            [
              26.7433922,
              45.5664649
            ],
            [
              26.7368407,
              45.5709143
            ],
            [
              26.7286469,
              45.5711988
            ],
            [
              26.7258311,
              45.5724785
            ],
            [
              26.7206536,
              45.5709088
            ],
            [
              26.7188795,
              45.5719258
            ],
            [
              26.7168898,
              45.5739213
            ],
            [
              26.7160888,
              45.5776266
            ],
            [
              26.7131048,
              45.5776973
            ],
            [
              26.7121861,
              45.580054
            ],
            [
              26.7082046,
              45.5835318
            ],
            [
              26.7023246,
              45.5866052
            ],
            [
              26.7023341,
              45.5886508
            ],
            [
              26.6999674,
              45.5907675
            ],
            [
              26.698923,
              45.5940202
            ],
            [
              26.692416,
              45.5970702
            ],
            [
              26.6898631,
              45.6003925
            ],
            [
              26.6848029,
              45.6019112
            ],
            [
              26.6821012,
              45.6048589
            ],
            [
              26.681552,
              45.6087005
            ],
            [
              26.667378,
              45.6102658
            ],
            [
              26.6658744,
              45.6115547
            ],
            [
              26.6477796,
              45.6090378
            ],
            [
              26.641508,
              45.6131692
            ],
            [
              26.6409823,
              45.614829
            ],
            [
              26.6337496,
              45.6163028
            ],
            [
              26.6256054,
              45.6214841
            ],
            [
              26.6234784,
              45.6249824
            ],
            [
              26.6152779,
              45.6280417
            ],
            [
              26.608812,
              45.6274585
            ],
            [
              26.6010233,
              45.6227034
            ],
            [
              26.593553,
              45.6203486
            ],
            [
              26.5869626,
              45.6241936
            ],
            [
              26.5866195,
              45.625917
            ],
            [
              26.5810872,
              45.6285765
            ],
            [
              26.579685,
              45.6333041
            ],
            [
              26.5764202,
              45.6328065
            ],
            [
              26.5737241,
              45.6343591
            ],
            [
              26.5667437,
              45.6292656
            ],
            [
              26.5609771,
              45.627871
            ],
            [
              26.5537187,
              45.630287
            ],
            [
              26.5514016,
              45.6293813
            ],
            [
              26.5448029,
              45.634558
            ],
            [
              26.544941,
              45.6363635
            ],
            [
              26.5414842,
              45.6417751
            ],
            [
              26.530084,
              45.6408412
            ],
            [
              26.5253433,
              45.647227
            ],
            [
              26.517931,
              45.6512468
            ],
            [
              26.5083865,
              45.6668031
            ],
            [
              26.5008059,
              45.6730155
            ],
            [
              26.4928343,
              45.6768946
            ],
            [
              26.4871987,
              45.6875145
            ],
            [
              26.4870369,
              45.6919531
            ],
            [
              26.48949,
              45.6937274
            ],
            [
              26.4839248,
              45.697906
            ],
            [
              26.4830018,
              45.701144
            ],
            [
              26.4754307,
              45.7014757
            ],
            [
              26.4671792,
              45.7045659
            ],
            [
              26.465249,
              45.709256
            ],
            [
              26.4668159,
              45.7193207
            ],
            [
              26.4589839,
              45.7256462
            ],
            [
              26.4430287,
              45.7311587
            ],
            [
              26.4429046,
              45.7353678
            ],
            [
              26.4357431,
              45.7396711
            ],
            [
              26.438802,
              45.7425302
            ],
            [
              26.4379889,
              45.7463164
            ],
            [
              26.4433945,
              45.7515636
            ],
            [
              26.4427131,
              45.7625714
            ],
            [
              26.440297,
              45.7663661
            ],
            [
              26.4404725,
              45.7694915
            ],
            [
              26.44278,
              45.7730693
            ],
            [
              26.4409754,
              45.7763659
            ],
            [
              26.4328401,
              45.7813259
            ],
            [
              26.4297282,
              45.7865352
            ],
            [
              26.4267556,
              45.7884491
            ],
            [
              26.4182219,
              45.7913731
            ],
            [
              26.4098915,
              45.7902366
            ],
            [
              26.4011221,
              45.7980826
            ],
            [
              26.3955151,
              45.7992592
            ],
            [
              26.3910693,
              45.8031418
            ],
            [
              26.3862794,
              45.8048049
            ],
            [
              26.3843252,
              45.8067572
            ],
            [
              26.3819289,
              45.8140249
            ],
            [
              26.3764766,
              45.8182764
            ],
            [
              26.3748372,
              45.8214574
            ],
            [
              26.3781898,
              45.8270177
            ],
            [
              26.3770825,
              45.837112
            ],
            [
              26.3745514,
              45.8411624
            ],
            [
              26.3710472,
              45.8432632
            ],
            [
              26.3714041,
              45.8458099
            ],
            [
              26.3736959,
              45.8519037
            ],
            [
              26.3742715,
              45.857752
            ],
            [
              26.3813053,
              45.8627754
            ],
            [
              26.3819696,
              45.8653791
            ],
            [
              26.3854403,
              45.8685497
            ],
            [
              26.3871308,
              45.8748395
            ],
            [
              26.38487,
              45.8833202
            ],
            [
              26.3780311,
              45.8894153
            ],
            [
              26.3781607,
              45.8981052
            ],
            [
              26.3759754,
              45.9028345
            ],
            [
              26.3760109,
              45.9077156
            ],
            [
              26.3811807,
              45.9098558
            ],
            [
              26.3811611,
              45.9159281
            ],
            [
              26.3824771,
              45.9174005
            ],
            [
              26.3940865,
              45.9211893
            ],
            [
              26.3929866,
              45.924953
            ],
            [
              26.3892984,
              45.9275573
            ],
            [
              26.3893504,
              45.9296402
            ],
            [
              26.3918249,
              45.9330631
            ],
            [
              26.3872344,
              45.9408637
            ],
            [
              26.3914627,
              45.9458664
            ],
            [
              26.3911955,
              45.9522393
            ],
            [
              26.3893824,
              45.954821
            ],
            [
              26.3907247,
              45.9573051
            ],
            [
              26.3950043,
              45.9611824
            ],
            [
              26.3972497,
              45.96562
            ],
            [
              26.4062876,
              45.9719401
            ],
            [
              26.4170413,
              45.9751439
            ],
            [
              26.4375743,
              45.9899438
            ],
            [
              26.4373907,
              45.992744
            ],
            [
              26.4337494,
              45.9972551
            ],
            [
              26.4337154,
              46.0025537
            ],
            [
              26.4362313,
              46.0073436
            ],
            [
              26.4455179,
              46.0162144
            ],
            [
              26.4460148,
              46.0188869
            ],
            [
              26.4411779,
              46.0234728
            ],
            [
              26.4375645,
              46.0355433
            ],
            [
              26.4400116,
              46.0388885
            ],
            [
              26.4603674,
              46.0351422
            ],
            [
              26.4772331,
              46.0399483
            ],
            [
              26.4800352,
              46.0447908
            ],
            [
              26.491727,
              46.0452216
            ],
            [
              26.4940986,
              46.0423206
            ],
            [
              26.5015467,
              46.0389191
            ],
            [
              26.5053311,
              46.0331177
            ],
            [
              26.5156523,
              46.0269216
            ],
            [
              26.5271715,
              46.0281741
            ],
            [
              26.531907,
              46.0261594
            ],
            [
              26.5357404,
              46.0279009
            ],
            [
              26.5400557,
              46.0233032
            ],
            [
              26.5484467,
              46.0241879
            ],
            [
              26.5511231,
              46.0224137
            ],
            [
              26.5519954,
              46.0201276
            ],
            [
              26.5594901,
              46.0203398
            ],
            [
              26.5726031,
              46.0168393
            ],
            [
              26.5797842,
              46.0216006
            ],
            [
              26.5820517,
              46.0252348
            ],
            [
              26.5823965,
              46.0281616
            ],
            [
              26.5856067,
              46.032122
            ],
            [
              26.5845455,
              46.0350228
            ],
            [
              26.5860832,
              46.0404318
            ],
            [
              26.5910383,
              46.0409941
            ],
            [
              26.5984307,
              46.044409
            ],
            [
              26.6014427,
              46.0473927
            ],
            [
              26.6081471,
              46.0447827
            ],
            [
              26.6154219,
              46.0491884
            ],
            [
              26.6185838,
              46.0531412
            ],
            [
              26.6234661,
              46.0534198
            ],
            [
              26.6253219,
              46.0558668
            ],
            [
              26.6341048,
              46.0575102
            ],
            [
              26.6337255,
              46.0609926
            ],
            [
              26.6408535,
              46.065599
            ],
            [
              26.6410565,
              46.0685692
            ],
            [
              26.6395417,
              46.0707099
            ],
            [
              26.6447019,
              46.0751383
            ],
            [
              26.6460863,
              46.0743818
            ],
            [
              26.6533776,
              46.0793387
            ],
            [
              26.664908,
              46.0793347
            ],
            [
              26.6708715,
              46.0770982
            ],
            [
              26.6813913,
              46.0793029
            ],
            [
              26.6829406,
              46.0802237
            ],
            [
              26.6823566,
              46.0823635
            ],
            [
              26.6838135,
              46.0843159
            ],
            [
              26.6909259,
              46.0880532
            ],
            [
              26.6945911,
              46.0880275
            ],
            [
              26.6975755,
              46.0909551
            ],
            [
              26.7046134,
              46.0938854
            ],
            [
              26.717757,
              46.0890399
            ],
            [
              26.7336576,
              46.0953987
            ],
            [
              26.7368348,
              46.0933971
            ],
            [
              26.7402234,
              46.0874122
            ],
            [
              26.746878,
              46.089127
            ],
            [
              26.7536705,
              46.0875037
            ],
            [
              26.7584345,
              46.0892276
            ],
            [
              26.7621155,
              46.0865556
            ],
            [
              26.7675233,
              46.0899401
            ],
            [
              26.7736073,
              46.0890907
            ],
            [
              26.7778504,
              46.0935563
            ],
            [
              26.7807715,
              46.093904
            ],
            [
              26.783085,
              46.0900342
            ],
            [
              26.7863222,
              46.0880147
            ],
            [
              26.7851712,
              46.0856608
            ],
            [
              26.7886284,
              46.0819082
            ],
            [
              26.787987,
              46.0786358
            ],
            [
              26.7973386,
              46.0775252
            ],
            [
              26.8011895,
              46.0758081
            ],
            [
              26.8017606,
              46.0707543
            ],
            [
              26.8039093,
              46.069979
            ],
            [
              26.8071056,
              46.0657855
            ],
            [
              26.8248742,
              46.0723215
            ],
            [
              26.8264382,
              46.0708066
            ],
            [
              26.8294977,
              46.0705497
            ],
            [
              26.8449787,
              46.0714173
            ],
            [
              26.8454727,
              46.0748347
            ],
            [
              26.8480895,
              46.0786988
            ],
            [
              26.8627111,
              46.0805345
            ],
            [
              26.8659779,
              46.0844807
            ],
            [
              26.8701411,
              46.0851411
            ],
            [
              26.8772278,
              46.0818942
            ],
            [
              26.8863641,
              46.0807888
            ],
            [
              26.891679,
              46.0774413
            ],
            [
              26.8954337,
              46.0788268
            ],
            [
              26.9016774,
              46.0758844
            ],
            [
              26.9047852,
              46.076122
            ],
            [
              26.9059722,
              46.0732184
            ],
            [
              26.9184618,
              46.0695806
            ],
            [
              26.9233912,
              46.0655155
            ],
            [
              26.9278093,
              46.0663001
            ],
            [
              26.9326544,
              46.0645639
            ],
            [
              26.9373356,
              46.0669603
            ],
            [
              26.9369905,
              46.0701599
            ],
            [
              26.9395422,
              46.0738762
            ],
            [
              26.9399482,
              46.0777406
            ],
            [
              26.9479451,
              46.080652
            ],
            [
              26.9527031,
              46.0862117
            ],
            [
              26.9507006,
              46.0978508
            ],
            [
              26.9456599,
              46.0998188
            ],
            [
              26.9515741,
              46.1043441
            ],
            [
              26.9612156,
              46.1087176
            ],
            [
              26.9684096,
              46.1107973
            ],
            [
              26.9776774,
              46.1110815
            ],
            [
              26.9835787,
              46.1132638
            ],
            [
              26.9900124,
              46.1129703
            ],
            [
              26.9954727,
              46.1100888
            ],
            [
              27.0019474,
              46.109707
            ],
            [
              27.0119982,
              46.1056395
            ],
            [
              27.0177675,
              46.105976
            ],
            [
              27.0237863,
              46.1031961
            ],
            [
              27.02938,
              46.102246
            ],
            [
              27.0320334,
              46.0989938
            ],
            [
              27.0421299,
              46.098314
            ],
            [
              27.0453985,
              46.0955423
            ],
            [
              27.0560649,
              46.0943953
            ],
            [
              27.0731835,
              46.0876787
            ],
            [
              27.0794511,
              46.0882285
            ],
            [
              27.0826598,
              46.0904185
            ],
            [
              27.0825761,
              46.0928549
            ],
            [
              27.0845117,
              46.0952877
            ],
            [
              27.0867255,
              46.093362
            ],
            [
              27.1056461,
              46.0887017
            ],
            [
              27.1065368,
              46.0913453
            ],
            [
              27.1047761,
              46.0928972
            ],
            [
              27.1051953,
              46.1050218
            ],
            [
              27.0984271,
              46.1051612
            ],
            [
              27.0964437,
              46.1073528
            ],
            [
              27.0878396,
              46.1086062
            ],
            [
              27.0861291,
              46.1115058
            ],
            [
              27.1114619,
              46.1090915
            ],
            [
              27.1229692,
              46.1040922
            ],
            [
              27.1319223,
              46.1170781
            ],
            [
              27.1361278,
              46.1144815
            ],
            [
              27.1385656,
              46.1182961
            ],
            [
              27.1332373,
              46.120606
            ],
            [
              27.1401146,
              46.1341952
            ],
            [
              27.1294693,
              46.1383216
            ],
            [
              27.1272488,
              46.137812
            ],
            [
              27.1248213,
              46.1428957
            ],
            [
              27.1265666,
              46.1433487
            ],
            [
              27.123624,
              46.1474833
            ],
            [
              27.1308422,
              46.1497684
            ],
            [
              27.1701708,
              46.1696053
            ],
            [
              27.1656881,
              46.1721248
            ],
            [
              27.1646457,
              46.1746736
            ],
            [
              27.1664966,
              46.1767658
            ],
            [
              27.1694445,
              46.1738524
            ],
            [
              27.1732319,
              46.1776987
            ],
            [
              27.1732423,
              46.1812796
            ],
            [
              27.1771778,
              46.1809283
            ],
            [
              27.1840507,
              46.1722838
            ],
            [
              27.185839,
              46.1719244
            ],
            [
              27.187757,
              46.1726191
            ],
            [
              27.1877894,
              46.1759135
            ],
            [
              27.1908973,
              46.1799535
            ],
            [
              27.190424,
              46.186666
            ],
            [
              27.1941471,
              46.1876099
            ],
            [
              27.1970937,
              46.1851478
            ],
            [
              27.1981804,
              46.1856011
            ],
            [
              27.200685,
              46.1792962
            ],
            [
              27.2119903,
              46.1851312
            ],
            [
              27.2104641,
              46.1866661
            ],
            [
              27.2216828,
              46.1913644
            ],
            [
              27.2261873,
              46.1868478
            ],
            [
              27.2355291,
              46.1895961
            ],
            [
              27.2393672,
              46.1783273
            ],
            [
              27.245776,
              46.1778824
            ],
            [
              27.2469707,
              46.1799929
            ],
            [
              27.2506605,
              46.180824
            ],
            [
              27.2698861,
              46.1832198
            ],
            [
              27.2669734,
              46.1909787
            ],
            [
              27.2642432,
              46.1941418
            ],
            [
              27.262731,
              46.2004213
            ],
            [
              27.2779663,
              46.2013301
            ],
            [
              27.2950888,
              46.2041817
            ],
            [
              27.2978818,
              46.2032237
            ],
            [
              27.2992052,
              46.2045352
            ],
            [
              27.3066227,
              46.2061765
            ],
            [
              27.3094081,
              46.205423
            ],
            [
              27.3089072,
              46.2030622
            ],
            [
              27.3179608,
              46.2027678
            ],
            [
              27.3180466,
              46.1952492
            ],
            [
              27.3192837,
              46.195196
            ],
            [
              27.3192929,
              46.1919153
            ],
            [
              27.3151728,
              46.189799
            ],
            [
              27.3141896,
              46.183795
            ],
            [
              27.3219749,
              46.1840245
            ],
            [
              27.3269185,
              46.1812498
            ],
            [
              27.323925,
              46.1797335
            ],
            [
              27.3303669,
              46.1794359
            ],
            [
              27.3339022,
              46.1684839
            ],
            [
              27.3381019,
              46.1697367
            ],
            [
              27.3504019,
              46.1688982
            ],
            [
              27.3510006,
              46.1620654
            ],
            [
              27.3470102,
              46.157006
            ],
            [
              27.3500329,
              46.1527167
            ],
            [
              27.3529226,
              46.1526138
            ],
            [
              27.3540071,
              46.153458
            ],
            [
              27.3534683,
              46.1548296
            ],
            [
              27.3586053,
              46.1551729
            ],
            [
              27.3603603,
              46.1568203
            ],
            [
              27.3746311,
              46.1574304
            ],
            [
              27.3736494,
              46.1606908
            ],
            [
              27.3751372,
              46.1636457
            ],
            [
              27.3764154,
              46.1648291
            ],
            [
              27.3809625,
              46.165078
            ],
            [
              27.3759133,
              46.1781785
            ],
            [
              27.3769633,
              46.1860029
            ],
            [
              27.3789769,
              46.1899113
            ],
            [
              27.38586,
              46.1893959
            ],
            [
              27.3849582,
              46.1919178
            ],
            [
              27.3878605,
              46.1938306
            ],
            [
              27.3938787,
              46.1942659
            ],
            [
              27.419982,
              46.1938029
            ],
            [
              27.4156552,
              46.1892578
            ],
            [
              27.4221085,
              46.1899894
            ],
            [
              27.4339964,
              46.1889093
            ],
            [
              27.4377971,
              46.1850552
            ],
            [
              27.4480355,
              46.1842143
            ],
            [
              27.4535113,
              46.1728723
            ],
            [
              27.4503174,
              46.17212
            ],
            [
              27.4545578,
              46.1628333
            ],
            [
              27.4579211,
              46.1603758
            ],
            [
              27.4591697,
              46.1574323
            ],
            [
              27.4662376,
              46.1571586
            ],
            [
              27.4645149,
              46.1619007
            ],
            [
              27.4673533,
              46.1579299
            ],
            [
              27.4730314,
              46.1611856
            ],
            [
              27.4758826,
              46.1606371
            ],
            [
              27.4788657,
              46.1675962
            ],
            [
              27.4929411,
              46.1624668
            ],
            [
              27.4922218,
              46.1580697
            ],
            [
              27.486789,
              46.1533314
            ],
            [
              27.4846922,
              46.1453379
            ],
            [
              27.5024548,
              46.1432594
            ],
            [
              27.5045698,
              46.1340277
            ],
            [
              27.5233754,
              46.1161435
            ],
            [
              27.5288282,
              46.108335
            ],
            [
              27.5352605,
              46.0956354
            ],
            [
              27.5346013,
              46.0941571
            ],
            [
              27.5242187,
              46.0920552
            ],
            [
              27.5204466,
              46.0888766
            ],
            [
              27.5228091,
              46.0860381
            ],
            [
              27.5171919,
              46.085361
            ],
            [
              27.5319364,
              46.067128
            ],
            [
              27.5155179,
              46.0562666
            ],
            [
              27.5169424,
              46.0546738
            ],
            [
              27.5159458,
              46.0535615
            ],
            [
              27.5205466,
              46.0512661
            ],
            [
              27.5272928,
              46.0441422
            ],
            [
              27.5413582,
              46.0202374
            ],
            [
              27.5524113,
              46.0120167
            ],
            [
              27.5509457,
              46.0109317
            ],
            [
              27.5621209,
              46.0066881
            ],
            [
              27.5625842,
              46.0028884
            ],
            [
              27.5869173,
              46.0076239
            ],
            [
              27.6044821,
              46.0193763
            ],
            [
              27.5959097,
              46.0276993
            ],
            [
              27.6048631,
              46.0359425
            ],
            [
              27.6011918,
              46.0384319
            ],
            [
              27.6021539,
              46.040137
            ],
            [
              27.5989515,
              46.0413147
            ],
            [
              27.5999794,
              46.0436541
            ],
            [
              27.5998874,
              46.0559275
            ],
            [
              27.6277123,
              46.0613948
            ],
            [
              27.6232037,
              46.0666342
            ],
            [
              27.6169983,
              46.0648464
            ],
            [
              27.6162147,
              46.0662705
            ],
            [
              27.6187277,
              46.0677577
            ],
            [
              27.61992,
              46.0710317
            ],
            [
              27.6144183,
              46.0733564
            ],
            [
              27.5900999,
              46.0693617
            ],
            [
              27.5872213,
              46.071809
            ],
            [
              27.586953,
              46.0735212
            ],
            [
              27.588274,
              46.0738258
            ],
            [
              27.6109587,
              46.0767902
            ],
            [
              27.6089544,
              46.0789818
            ],
            [
              27.6050268,
              46.0905244
            ],
            [
              27.6063622,
              46.0913403
            ],
            [
              27.5880794,
              46.1114031
            ],
            [
              27.5901805,
              46.1128171
            ],
            [
              27.5965498,
              46.1129434
            ],
            [
              27.5945728,
              46.1135972
            ],
            [
              27.5948676,
              46.1146422
            ],
            [
              27.5890104,
              46.12053
            ],
            [
              27.5922036,
              46.1207254
            ],
            [
              27.5911134,
              46.1239495
            ],
            [
              27.5989003,
              46.1215203
            ],
            [
              27.601324,
              46.1224224
            ],
            [
              27.6001828,
              46.1241942
            ],
            [
              27.5937681,
              46.1261806
            ],
            [
              27.5902582,
              46.1338361
            ],
            [
              27.5841445,
              46.1355249
            ],
            [
              27.5857351,
              46.1405453
            ],
            [
              27.581107,
              46.144553
            ],
            [
              27.5824806,
              46.147143
            ],
            [
              27.586475,
              46.1463911
            ],
            [
              27.5894467,
              46.1473327
            ],
            [
              27.5911194,
              46.1501778
            ],
            [
              27.5951155,
              46.1473363
            ],
            [
              27.6035822,
              46.1444826
            ],
            [
              27.6024222,
              46.141958
            ],
            [
              27.5994163,
              46.1424738
            ],
            [
              27.5978029,
              46.1392576
            ],
            [
              27.6001405,
              46.1381361
            ],
            [
              27.6000888,
              46.1362617
            ],
            [
              27.6029011,
              46.1351955
            ],
            [
              27.6024718,
              46.1322127
            ],
            [
              27.6074295,
              46.1305359
            ],
            [
              27.6102727,
              46.1362608
            ],
            [
              27.6170232,
              46.1339805
            ],
            [
              27.6182761,
              46.1346721
            ],
            [
              27.6182832,
              46.1365637
            ],
            [
              27.6266912,
              46.1343104
            ],
            [
              27.6278398,
              46.137148
            ],
            [
              27.6330653,
              46.1358493
            ],
            [
              27.6338961,
              46.1383813
            ],
            [
              27.6472216,
              46.1299007
            ],
            [
              27.6504793,
              46.140355
            ],
            [
              27.6675723,
              46.1330491
            ],
            [
              27.6716229,
              46.1328088
            ],
            [
              27.6752963,
              46.1368756
            ],
            [
              27.6728936,
              46.1384197
            ],
            [
              27.6759274,
              46.141395
            ],
            [
              27.6802028,
              46.1391929
            ],
            [
              27.6821026,
              46.1365834
            ],
            [
              27.6861624,
              46.1367278
            ],
            [
              27.6932007,
              46.1321683
            ],
            [
              27.6973183,
              46.1353854
            ],
            [
              27.6985485,
              46.134542
            ],
            [
              27.7101911,
              46.1385886
            ],
            [
              27.7110378,
              46.1292049
            ],
            [
              27.7418476,
              46.1298573
            ],
            [
              27.7432468,
              46.1272849
            ],
            [
              27.7624487,
              46.1281319
            ],
            [
              27.7636111,
              46.1153442
            ],
            [
              27.7785031,
              46.1124651
            ],
            [
              27.7779165,
              46.1097963
            ],
            [
              27.7823836,
              46.1123766
            ],
            [
              27.786051,
              46.1124509
            ],
            [
              27.7876824,
              46.1051448
            ],
            [
              27.7860011,
              46.1042222
            ],
            [
              27.7828927,
              46.1054892
            ],
            [
              27.789226,
              46.0983836
            ],
            [
              27.7873377,
              46.0975818
            ],
            [
              27.7881329,
              46.0949001
            ],
            [
              27.7915124,
              46.0958485
            ],
            [
              27.7905356,
              46.0976867
            ],
            [
              27.7919758,
              46.097318
            ],
            [
              27.7912856,
              46.1007223
            ],
            [
              27.7921122,
              46.1010665
            ],
            [
              27.7936519,
              46.1013314
            ],
            [
              27.7950757,
              46.0979399
            ],
            [
              27.8154651,
              46.1048221
            ],
            [
              27.8080543,
              46.1116432
            ],
            [
              27.8166336,
              46.1135845
            ],
            [
              27.8218895,
              46.1188283
            ],
            [
              27.8210274,
              46.1195837
            ],
            [
              27.8219619,
              46.1202458
            ],
            [
              27.8293261,
              46.1113521
            ],
            [
              27.838684,
              46.1156887
            ],
            [
              27.8301694,
              46.1271779
            ],
            [
              27.8337253,
              46.1279475
            ],
            [
              27.8389589,
              46.1259319
            ],
            [
              27.8453185,
              46.1263498
            ],
            [
              27.8451813,
              46.13163
            ],
            [
              27.8425985,
              46.1328516
            ],
            [
              27.8458944,
              46.133505
            ],
            [
              27.846887,
              46.1577681
            ],
            [
              27.8562348,
              46.1576834
            ],
            [
              27.8572105,
              46.1631061
            ],
            [
              27.8631153,
              46.1629911
            ],
            [
              27.862753,
              46.1614205
            ],
            [
              27.869132,
              46.1613115
            ],
            [
              27.8689195,
              46.160116
            ],
            [
              27.8726464,
              46.1580185
            ],
            [
              27.8695028,
              46.1592366
            ],
            [
              27.8687303,
              46.1571132
            ],
            [
              27.872964,
              46.1526639
            ],
            [
              27.8713686,
              46.1503728
            ],
            [
              27.871894,
              46.1455714
            ],
            [
              27.885338,
              46.145387
            ],
            [
              27.9107016,
              46.1538365
            ],
            [
              27.9149018,
              46.1492488
            ],
            [
              27.9171036,
              46.1486423
            ],
            [
              27.9262166,
              46.152477
            ],
            [
              27.9303919,
              46.1462939
            ],
            [
              27.9359701,
              46.1411802
            ],
            [
              27.9395628,
              46.1351233
            ],
            [
              27.9646144,
              46.1414558
            ],
            [
              27.9726963,
              46.1221153
            ],
            [
              27.9796745,
              46.1239108
            ],
            [
              27.9829394,
              46.1178445
            ],
            [
              27.9807964,
              46.1171297
            ],
            [
              27.9842567,
              46.1104966
            ],
            [
              28.0020563,
              46.1158492
            ],
            [
              28.0025523,
              46.1139322
            ],
            [
              28.0093338,
              46.1153425
            ],
            [
              28.0105497,
              46.1101866
            ],
            [
              28.0088958,
              46.1049376
            ],
            [
              28.0228296,
              46.1039787
            ],
            [
              28.0412877,
              46.1064482
            ],
            [
              28.0759258,
              46.1175271
            ],
            [
              28.1001267,
              46.1169941
            ],
            [
              28.1032456,
              46.1156704
            ],
            [
              28.1043146,
              46.1168253
            ],
            [
              28.1174376,
              46.1120366
            ],
            [
              28.1159724,
              46.1076415
            ],
            [
              28.1229352,
              46.1048935
            ],
            [
              28.1177135,
              46.1020814
            ],
            [
              28.1102424,
              46.1037919
            ],
            [
              28.1071576,
              46.0984061
            ],
            [
              28.1024669,
              46.0988284
            ],
            [
              28.1024986,
              46.0977522
            ],
            [
              28.1073008,
              46.0952316
            ],
            [
              28.1056171,
              46.0895162
            ],
            [
              28.1115946,
              46.0870825
            ],
            [
              28.1070669,
              46.0832067
            ],
            [
              28.1089278,
              46.0781741
            ],
            [
              28.1053111,
              46.0780544
            ],
            [
              28.1003305,
              46.0810326
            ],
            [
              28.0965269,
              46.0780625
            ],
            [
              28.0928757,
              46.0792968
            ],
            [
              28.0922316,
              46.0780266
            ],
            [
              28.0936127,
              46.0740812
            ],
            [
              28.0889947,
              46.0702309
            ],
            [
              28.0897396,
              46.068088
            ],
            [
              28.1006815,
              46.0638793
            ],
            [
              28.0975374,
              46.060097
            ],
            [
              28.0891114,
              46.0598193
            ],
            [
              28.0892762,
              46.0571761
            ],
            [
              28.0914426,
              46.0539297
            ],
            [
              28.0931129,
              46.0530356
            ],
            [
              28.1028324,
              46.0541454
            ],
            [
              28.1051373,
              46.0527725
            ],
            [
              28.1003728,
              46.047438
            ],
            [
              28.1036798,
              46.0430037
            ],
            [
              28.0971373,
              46.0434054
            ],
            [
              28.0955249,
              46.0398879
            ],
            [
              28.0902654,
              46.0347635
            ],
            [
              28.0907496,
              46.030408
            ],
            [
              28.087652,
              46.0201724
            ],
            [
              28.0951935,
              46.0169005
            ],
            [
              28.0957234,
              46.0149193
            ],
            [
              28.0853488,
              46.0082441
            ],
            [
              28.0868403,
              46.0062527
            ],
            [
              28.0912236,
              46.0050632
            ],
            [
              28.0965372,
              45.9973998
            ],
            [
              28.0969247,
              45.9939707
            ],
            [
              28.0992922,
              45.9906765
            ],
            [
              28.1051171,
              45.9893716
            ],
            [
              28.1039536,
              45.9848716
            ],
            [
              28.0988626,
              45.9817201
            ],
            [
              28.0981656,
              45.9783732
            ],
            [
              28.1070878,
              45.9782956
            ],
            [
              28.1063084,
              45.9754475
            ],
            [
              28.1014641,
              45.9726888
            ],
            [
              28.1083209,
              45.9684454
            ],
            [
              28.1084536,
              45.9669326
            ],
            [
              28.1046348,
              45.9635947
            ],
            [
              28.110893,
              45.9587174
            ],
            [
              28.1147432,
              45.9537903
            ],
            [
              28.1157057,
              45.9484249
            ],
            [
              28.1185188,
              45.9444581
            ],
            [
              28.1142093,
              45.9356874
            ],
            [
              28.1203014,
              45.9320675
            ],
            [
              28.1254756,
              45.9229078
            ],
            [
              28.1253046,
              45.9212795
            ],
            [
              28.1204295,
              45.918184
            ],
            [
              28.1196556,
              45.9135159
            ],
            [
              28.1160339,
              45.909234
            ],
            [
              28.120041,
              45.9012533
            ],
            [
              28.1182977,
              45.8998503
            ],
            [
              28.1121493,
              45.899308
            ],
            [
              28.1126494,
              45.8952146
            ],
            [
              28.1162962,
              45.8927383
            ],
            [
              28.1164848,
              45.8898663
            ],
            [
              28.1182733,
              45.8874908
            ],
            [
              28.113253,
              45.8858326
            ],
            [
              28.1125276,
              45.8843027
            ],
            [
              28.1154267,
              45.8826054
            ],
            [
              28.1209514,
              45.8835536
            ],
            [
              28.1235755,
              45.8821454
            ],
            [
              28.1270614,
              45.8852402
            ],
            [
              28.1305366,
              45.882142
            ],
            [
              28.1279439,
              45.877747
            ],
            [
              28.1328477,
              45.8766996
            ],
            [
              28.1280088,
              45.8714328
            ],
            [
              28.1274135,
              45.8630027
            ],
            [
              28.1205461,
              45.8636897
            ],
            [
              28.1143102,
              45.8600653
            ],
            [
              28.1088698,
              45.8606297
            ],
            [
              28.1054585,
              45.8594128
            ],
            [
              28.1105945,
              45.8510408
            ],
            [
              28.1139725,
              45.8491535
            ],
            [
              28.112132,
              45.8473168
            ],
            [
              28.1118574,
              45.844539
            ],
            [
              28.1051862,
              45.8430263
            ],
            [
              28.1087548,
              45.8410991
            ],
            [
              28.1098255,
              45.8377856
            ],
            [
              28.1127621,
              45.8344884
            ],
            [
              28.1087516,
              45.8305939
            ],
            [
              28.1119886,
              45.8268743
            ],
            [
              28.1093314,
              45.8243514
            ],
            [
              28.113106,
              45.8208303
            ],
            [
              28.1074403,
              45.8165257
            ],
            [
              28.1101693,
              45.8147064
            ],
            [
              28.1186169,
              45.8148725
            ],
            [
              28.1211436,
              45.806891
            ],
            [
              28.1195612,
              45.801836
            ],
            [
              28.1227456,
              45.7982203
            ],
            [
              28.1191996,
              45.7946172
            ],
            [
              28.1130008,
              45.7961091
            ],
            [
              28.1122099,
              45.7951853
            ],
            [
              28.1142242,
              45.7902508
            ],
            [
              28.120904,
              45.7909352
            ],
            [
              28.1216506,
              45.7884023
            ],
            [
              28.1263545,
              45.7839727
            ],
            [
              28.1350363,
              45.778362
            ],
            [
              28.1470656,
              45.7812135
            ],
            [
              28.151752,
              45.7836003
            ],
            [
              28.1540349,
              45.7822882
            ],
            [
              28.1523733,
              45.7797749
            ],
            [
              28.1557223,
              45.7781248
            ],
            [
              28.1542831,
              45.7741134
            ],
            [
              28.1497172,
              45.7730996
            ],
            [
              28.1497006,
              45.7698337
            ],
            [
              28.1479935,
              45.7678058
            ],
            [
              28.1496042,
              45.7640003
            ],
            [
              28.1448881,
              45.764168
            ],
            [
              28.1434891,
              45.760231
            ],
            [
              28.1519751,
              45.7539736
            ],
            [
              28.1497025,
              45.7509337
            ],
            [
              28.1511488,
              45.7442688
            ],
            [
              28.1561267,
              45.7439341
            ],
            [
              28.1576151,
              45.7397703
            ],
            [
              28.1668736,
              45.736241
            ],
            [
              28.1651104,
              45.7325784
            ],
            [
              28.1661062,
              45.7304475
            ],
            [
              28.1621522,
              45.7287956
            ],
            [
              28.1608063,
              45.7250508
            ],
            [
              28.1671333,
              45.7240013
            ],
            [
              28.1641395,
              45.716913
            ],
            [
              28.170711,
              45.7088679
            ],
            [
              28.1681421,
              45.7067703
            ],
            [
              28.1598858,
              45.7037903
            ],
            [
              28.1644652,
              45.6969935
            ],
            [
              28.1626311,
              45.6918556
            ],
            [
              28.1657748,
              45.6867308
            ],
            [
              28.1664758,
              45.6824884
            ],
            [
              28.171385,
              45.6796073
            ],
            [
              28.169412,
              45.6778832
            ],
            [
              28.1704146,
              45.6744676
            ],
            [
              28.1672622,
              45.6712422
            ],
            [
              28.1666528,
              45.6662428
            ],
            [
              28.162177,
              45.6606516
            ],
            [
              28.1659373,
              45.6534534
            ],
            [
              28.1638946,
              45.6519316
            ],
            [
              28.1586197,
              45.6518383
            ],
            [
              28.1578913,
              45.6507302
            ],
            [
              28.1601411,
              45.6493529
            ],
            [
              28.1709851,
              45.648856
            ],
            [
              28.1742738,
              45.6456296
            ],
            [
              28.171473,
              45.6404717
            ],
            [
              28.1567158,
              45.6365404
            ],
            [
              28.1515874,
              45.630858
            ],
            [
              28.1494919,
              45.6260423
            ],
            [
              28.145328,
              45.6247997
            ],
            [
              28.144675,
              45.6214696
            ],
            [
              28.1412187,
              45.6223155
            ],
            [
              28.1399914,
              45.6253506
            ],
            [
              28.1372644,
              45.6256984
            ],
            [
              28.1298713,
              45.6236038
            ],
            [
              28.1319804,
              45.6197853
            ],
            [
              28.1303281,
              45.6186903
            ],
            [
              28.1223016,
              45.6232677
            ],
            [
              28.1207536,
              45.6270897
            ],
            [
              28.1121572,
              45.6262972
            ],
            [
              28.1101298,
              45.621681
            ],
            [
              28.1004832,
              45.6184557
            ],
            [
              28.0995629,
              45.6158826
            ],
            [
              28.0905971,
              45.6109609
            ],
            [
              28.0889274,
              45.6093974
            ],
            [
              28.0885616,
              45.6045982
            ],
            [
              28.0924353,
              45.5980236
            ],
            [
              28.1007265,
              45.595373
            ],
            [
              28.1060304,
              45.588037
            ],
            [
              28.1130921,
              45.5863378
            ],
            [
              28.1183003,
              45.5803967
            ],
            [
              28.1210712,
              45.5791449
            ],
            [
              28.1172531,
              45.5755059
            ],
            [
              28.121618,
              45.5718667
            ],
            [
              28.1252847,
              45.5741286
            ],
            [
              28.1266872,
              45.5709001
            ],
            [
              28.1313133,
              45.5755685
            ],
            [
              28.1325068,
              45.5711607
            ],
            [
              28.1342308,
              45.570952
            ],
            [
              28.1357877,
              45.5730005
            ],
            [
              28.1347961,
              45.5770043
            ],
            [
              28.138839,
              45.5774316
            ],
            [
              28.1407802,
              45.5763016
            ],
            [
              28.1441814,
              45.5669423
            ],
            [
              28.1456197,
              45.5658588
            ],
            [
              28.1541314,
              45.5744386
            ],
            [
              28.1567226,
              45.5753617
            ],
            [
              28.1567471,
              45.5700836
            ],
            [
              28.1545095,
              45.5650956
            ],
            [
              28.1496197,
              45.5637607
            ],
            [
              28.1480911,
              45.5621735
            ],
            [
              28.1508172,
              45.5609402
            ],
            [
              28.158927,
              45.5609813
            ],
            [
              28.1552744,
              45.5546155
            ],
            [
              28.1609303,
              45.5469491
            ],
            [
              28.1654895,
              45.5453967
            ],
            [
              28.165681,
              45.537136
            ],
            [
              28.1620631,
              45.5332528
            ],
            [
              28.1651144,
              45.5311143
            ],
            [
              28.1664272,
              45.5278251
            ],
            [
              28.1647045,
              45.5239131
            ],
            [
              28.1590754,
              45.5255402
            ],
            [
              28.1567285,
              45.524104
            ],
            [
              28.1663296,
              45.5197622
            ],
            [
              28.1616701,
              45.5113781
            ],
            [
              28.1539793,
              45.5099275
            ],
            [
              28.1641788,
              45.507924
            ],
            [
              28.1624787,
              45.4999844
            ],
            [
              28.1721914,
              45.5009184
            ],
            [
              28.1761331,
              45.4957127
            ],
            [
              28.17922,
              45.4840867
            ],
            [
              28.1830863,
              45.4817675
            ],
            [
              28.1860471,
              45.4742726
            ],
            [
              28.2060731,
              45.4695039
            ],
            [
              28.208689,
              45.4673793
            ],
            [
              28.222847,
              45.4659098
            ],
            [
              28.255912,
              45.457826
            ],
            [
              28.267754,
              45.453376
            ],
            [
              28.280666,
              45.444068
            ],
            [
              28.286723,
              45.433351
            ],
            [
              28.28688,
              45.425902
            ],
            [
              28.2840785,
              45.4123411
            ],
            [
              28.285348,
              45.399623
            ],
            [
              28.29166,
              45.390447
            ],
            [
              28.3023158,
              45.3790007
            ],
            [
              28.314881,
              45.361306
            ],
            [
              28.319887,
              45.351632
            ],
            [
              28.335795,
              45.330677
            ],
            [
              28.349033,
              45.320399
            ],
            [
              28.4463518,
              45.2893611
            ],
            [
              28.459331,
              45.286657
            ],
            [
              28.495737,
              45.275056
            ],
            [
              28.511533,
              45.268612
            ],
            [
              28.5317432,
              45.2626859
            ],
            [
              28.5612283,
              45.2500889
            ],
            [
              28.5786695,
              45.2472153
            ],
            [
              28.642478,
              45.24298
            ],
            [
              28.6693032,
              45.2366955
            ],
            [
              28.6965162,
              45.2261056
            ],
            [
              28.7058956,
              45.2238912
            ],
            [
              28.7138853,
              45.2236286
            ],
            [
              28.729982,
              45.227447
            ],
            [
              28.749835,
              45.234478
            ],
            [
              28.781235,
              45.237605
            ],
            [
              28.7884601,
              45.2397449
            ],
            [
              28.7925883,
              45.2434782
            ],
            [
              28.791566,
              45.25396
            ],
            [
              28.7853002,
              45.2588535
            ],
            [
              28.78015,
              45.260545
            ],
            [
              28.7737278,
              45.2603124
            ],
            [
              28.763615,
              45.264224
            ],
            [
              28.7543418,
              45.2757266
            ],
            [
              28.751927,
              45.2812859
            ],
            [
              28.752028,
              45.284082
            ],
            [
              28.754646,
              45.287927
            ],
            [
              28.759444,
              45.290271
            ],
            [
              28.764916,
              45.291342
            ],
            [
              28.7831062,
              45.2907931
            ],
            [
              28.793389,
              45.293129
            ],
            [
              28.803259,
              45.303102
            ],
            [
              28.8053596,
              45.3067247
            ],
            [
              28.8052586,
              45.3114933
            ],
            [
              28.799839,
              45.315011
            ],
            [
              28.782252,
              45.320902
            ],
            [
              28.780537,
              45.323045
            ],
            [
              28.7815818,
              45.3272982
            ],
            [
              28.7961829,
              45.3347304
            ],
            [
              28.805592,
              45.336499
            ],
            [
              28.8164702,
              45.3362534
            ],
            [
              28.8228978,
              45.3338933
            ],
            [
              28.8349351,
              45.3233634
            ],
            [
              28.84592,
              45.317275
            ],
            [
              28.8538832,
              45.3158209
            ],
            [
              28.867371,
              45.317375
            ],
            [
              28.8742045,
              45.3160694
            ],
            [
              28.8889923,
              45.3045756
            ],
            [
              28.914686,
              45.287404
            ],
            [
              28.931621,
              45.280976
            ],
            [
              28.941882,
              45.280499
            ],
            [
              28.947317,
              45.282216
            ],
            [
              28.9521334,
              45.2862785
            ],
            [
              28.9544598,
              45.2914386
            ],
            [
              28.954666,
              45.296793
            ],
            [
              28.9487272,
              45.3080314
            ],
            [
              28.9490906,
              45.3112235
            ],
            [
              28.957182,
              45.323093
            ],
            [
              28.9658847,
              45.3309818
            ],
            [
              28.9699001,
              45.3322401
            ],
            [
              28.9814941,
              45.3319796
            ],
            [
              28.9887254,
              45.333347
            ],
            [
              28.9964158,
              45.3367439
            ],
            [
              29.008525,
              45.344525
            ],
            [
              29.030125,
              45.352454
            ],
            [
              29.0418022,
              45.3597833
            ],
            [
              29.058036,
              45.359921
            ],
            [
              29.0733841,
              45.3665217
            ],
            [
              29.0827499,
              45.3733313
            ],
            [
              29.0887514,
              45.3745081
            ],
            [
              29.104545,
              45.374353
            ],
            [
              29.120828,
              45.382044
            ],
            [
              29.139672,
              45.385413
            ],
            [
              29.1674249,
              45.39433
            ],
            [
              29.1789533,
              45.4000213
            ],
            [
              29.187265,
              45.411769
            ],
            [
              29.2032503,
              45.4168107
            ],
            [
              29.210491,
              45.4175255
            ],
            [
              29.2243732,
              45.422737
            ],
            [
              29.238151,
              45.432705
            ],
            [
              29.251091,
              45.43353
            ],
            [
              29.258129,
              45.4326109
            ],
            [
              29.27296,
              45.427348
            ],
            [
              29.2847439,
              45.4265486
            ],
            [
              29.2907355,
              45.4274557
            ],
            [
              29.3035198,
              45.4331079
            ],
            [
              29.317585,
              45.445499
            ],
            [
              29.326675,
              45.448369
            ],
            [
              29.335875,
              45.446945
            ],
            [
              29.347871,
              45.4389808
            ],
            [
              29.3635356,
              45.4361998
            ],
            [
              29.3818924,
              45.4394703
            ],
            [
              29.3943069,
              45.4358542
            ],
            [
              29.4147582,
              45.4415419
            ],
            [
              29.4297317,
              45.4425841
            ],
            [
              29.4404148,
              45.433792
            ],
            [
              29.461953,
              45.4282876
            ],
            [
              29.4739902,
              45.423179
            ],
            [
              29.497798,
              45.4197355
            ],
            [
              29.5507497,
              45.4088678
            ],
            [
              29.5928096,
              45.3877893
            ],
            [
              29.631329,
              45.353443
            ],
            [
              29.65093,
              45.3396186
            ],
            [
              29.6566673,
              45.3329606
            ],
            [
              29.6650597,
              45.3145513
            ],
            [
              29.669551,
              45.307508
            ],
            [
              29.670813,
              45.293138
            ],
            [
              29.675858,
              45.280479
            ],
            [
              29.678552,
              45.268243
            ],
            [
              29.6706084,
              45.264771
            ],
            [
              29.6635128,
              45.2596607
            ],
            [
              29.6597212,
              45.2501187
            ],
            [
              29.6621923,
              45.2389352
            ],
            [
              29.6685063,
              45.2288275
            ],
            [
              29.6714491,
              45.2197904
            ],
            [
              29.677797,
              45.2129039
            ],
            [
              29.6844815,
              45.2089633
            ],
            [
              29.6890841,
              45.2036402
            ],
            [
              29.689822,
              45.2014472
            ],
            [
              29.688848,
              45.1979575
            ]
          ]
        ]
      },
      "properties": {
        "name": "Regiunea Galați (II)",
        "start_year": 1956,
        "end_year": 1968,
        "subtitle": "1956 — 1968 (cea mai extinsă)",
        "approx_note": "Uniune aproximativă: Galați + Brăila + Vrancea + Tulcea — cea mai mare regiune din SE Moldovei și Dobrogea de N."
      }
    },
    {
      "type": "Feature",
      "geometry": {
        "type": "Polygon",
        "coordinates": [
          [
            [
              27.5324519,
              45.5055024
            ],
            [
              27.5269468,
              45.5002336
            ],
            [
              27.5369652,
              45.4939397
            ],
            [
              27.5429366,
              45.4993683
            ],
            [
              27.5493963,
              45.4956193
            ],
            [
              27.5481485,
              45.4945081
            ],
            [
              27.5585467,
              45.488385
            ],
            [
              27.5621953,
              45.4908158
            ],
            [
              27.57265,
              45.4872732
            ],
            [
              27.5752902,
              45.4916672
            ],
            [
              27.580045,
              45.4907214
            ],
            [
              27.5882141,
              45.4854071
            ],
            [
              27.6007719,
              45.4841984
            ],
            [
              27.6056078,
              45.4822463
            ],
            [
              27.6027401,
              45.4775792
            ],
            [
              27.6135829,
              45.4750095
            ],
            [
              27.6141348,
              45.4734969
            ],
            [
              27.6145472,
              45.4716596
            ],
            [
              27.6112447,
              45.465948
            ],
            [
              27.6115555,
              45.4643208
            ],
            [
              27.6176608,
              45.4660825
            ],
            [
              27.6240632,
              45.466176
            ],
            [
              27.6272192,
              45.455033
            ],
            [
              27.6288337,
              45.4546509
            ],
            [
              27.6462346,
              45.4621438
            ],
            [
              27.6435803,
              45.4776811
            ],
            [
              27.6549557,
              45.4798037
            ],
            [
              27.6560012,
              45.4857135
            ],
            [
              27.6529797,
              45.4892321
            ],
            [
              27.6544102,
              45.4907165
            ],
            [
              27.6641822,
              45.4897997
            ],
            [
              27.6588717,
              45.4760397
            ],
            [
              27.6589401,
              45.4739383
            ],
            [
              27.6616309,
              45.4719643
            ],
            [
              27.6672095,
              45.4743108
            ],
            [
              27.6735155,
              45.475012
            ],
            [
              27.6889953,
              45.4819633
            ],
            [
              27.6926614,
              45.4816095
            ],
            [
              27.6952776,
              45.4787012
            ],
            [
              27.6941389,
              45.4731957
            ],
            [
              27.6894174,
              45.4689284
            ],
            [
              27.6814671,
              45.4665837
            ],
            [
              27.6822548,
              45.463496
            ],
            [
              27.6885682,
              45.4605393
            ],
            [
              27.6874742,
              45.4594663
            ],
            [
              27.6833893,
              45.4614933
            ],
            [
              27.6732682,
              45.4461867
            ],
            [
              27.7049924,
              45.4355126
            ],
            [
              27.7061261,
              45.4372926
            ],
            [
              27.7167815,
              45.4334728
            ],
            [
              27.7206157,
              45.4395736
            ],
            [
              27.7174174,
              45.4402697
            ],
            [
              27.718124,
              45.4409404
            ],
            [
              27.7284241,
              45.4416337
            ],
            [
              27.7283388,
              45.4403838
            ],
            [
              27.7314174,
              45.4392259
            ],
            [
              27.730862,
              45.4384791
            ],
            [
              27.7380849,
              45.4367009
            ],
            [
              27.7391535,
              45.4375734
            ],
            [
              27.7327943,
              45.4394204
            ],
            [
              27.7374295,
              45.4389983
            ],
            [
              27.737156,
              45.4406136
            ],
            [
              27.7408716,
              45.4418887
            ],
            [
              27.747111,
              45.4486145
            ],
            [
              27.750188,
              45.4485033
            ],
            [
              27.7505454,
              45.44673
            ],
            [
              27.7447706,
              45.4386999
            ],
            [
              27.742288,
              45.4327583
            ],
            [
              27.7439828,
              45.4262593
            ],
            [
              27.7389427,
              45.4211377
            ],
            [
              27.7385006,
              45.4176528
            ],
            [
              27.7396302,
              45.4153694
            ],
            [
              27.7430842,
              45.4139503
            ],
            [
              27.7565465,
              45.4189483
            ],
            [
              27.7668092,
              45.4189987
            ],
            [
              27.7753913,
              45.422307
            ],
            [
              27.7830194,
              45.4223112
            ],
            [
              27.7866734,
              45.4194684
            ],
            [
              27.7853094,
              45.4161313
            ],
            [
              27.7863624,
              45.4068917
            ],
            [
              27.8094945,
              45.4030221
            ],
            [
              27.8218812,
              45.3965233
            ],
            [
              27.8302196,
              45.3991782
            ],
            [
              27.843298,
              45.4000464
            ],
            [
              27.8497085,
              45.399265
            ],
            [
              27.8564969,
              45.3965047
            ],
            [
              27.8686652,
              45.3979967
            ],
            [
              27.870155,
              45.3991313
            ],
            [
              27.8702191,
              45.4019102
            ],
            [
              27.8655461,
              45.4058289
            ],
            [
              27.8726056,
              45.4106665
            ],
            [
              27.8725166,
              45.41482
            ],
            [
              27.8740283,
              45.4178894
            ],
            [
              27.8837141,
              45.4164991
            ],
            [
              27.8890854,
              45.42007
            ],
            [
              27.9005563,
              45.4162533
            ],
            [
              27.9168051,
              45.4070322
            ],
            [
              27.9263049,
              45.4052864
            ],
            [
              27.9396407,
              45.4061053
            ],
            [
              27.9466924,
              45.4052608
            ],
            [
              27.9560129,
              45.4028062
            ],
            [
              27.9702555,
              45.3960836
            ],
            [
              27.9771325,
              45.3954179
            ],
            [
              27.9841334,
              45.3905188
            ],
            [
              27.9887207,
              45.393165
            ],
            [
              27.9933355,
              45.4004968
            ],
            [
              27.9969274,
              45.4000546
            ],
            [
              28.0026088,
              45.3962175
            ],
            [
              28.0058435,
              45.3961444
            ],
            [
              28.0147686,
              45.4013835
            ],
            [
              28.0305501,
              45.4043377
            ],
            [
              28.0337069,
              45.4096566
            ],
            [
              28.0401635,
              45.4165096
            ],
            [
              28.060582,
              45.4281657
            ],
            [
              28.0882533,
              45.4396119
            ],
            [
              28.0982596,
              45.4410891
            ],
            [
              28.1073222,
              45.44126
            ],
            [
              28.1269803,
              45.4389242
            ],
            [
              28.1476564,
              45.4304905
            ],
            [
              28.1801823,
              45.4133316
            ],
            [
              28.1857138,
              45.4124619
            ],
            [
              28.1928718,
              45.4149389
            ],
            [
              28.1939376,
              45.4218171
            ],
            [
              28.1909377,
              45.4383448
            ],
            [
              28.1925632,
              45.4544791
            ],
            [
              28.193922,
              45.4581741
            ],
            [
              28.198934,
              45.4645644
            ],
            [
              28.203063,
              45.4669632
            ],
            [
              28.208689,
              45.4673793
            ],
            [
              28.2060731,
              45.4695039
            ],
            [
              28.1860471,
              45.4742726
            ],
            [
              28.1830863,
              45.4817675
            ],
            [
              28.17922,
              45.4840867
            ],
            [
              28.1761331,
              45.4957127
            ],
            [
              28.1721914,
              45.5009184
            ],
            [
              28.1624787,
              45.4999844
            ],
            [
              28.1641788,
              45.507924
            ],
            [
              28.1539793,
              45.5099275
            ],
            [
              28.1616701,
              45.5113781
            ],
            [
              28.1663296,
              45.5197622
            ],
            [
              28.1567285,
              45.524104
            ],
            [
              28.1590754,
              45.5255402
            ],
            [
              28.1647045,
              45.5239131
            ],
            [
              28.1664272,
              45.5278251
            ],
            [
              28.1651144,
              45.5311143
            ],
            [
              28.1620631,
              45.5332528
            ],
            [
              28.165681,
              45.537136
            ],
            [
              28.1654895,
              45.5453967
            ],
            [
              28.1609303,
              45.5469491
            ],
            [
              28.1552744,
              45.5546155
            ],
            [
              28.158927,
              45.5609813
            ],
            [
              28.1508172,
              45.5609402
            ],
            [
              28.1480911,
              45.5621735
            ],
            [
              28.1496197,
              45.5637607
            ],
            [
              28.1545095,
              45.5650956
            ],
            [
              28.1567471,
              45.5700836
            ],
            [
              28.1567226,
              45.5753617
            ],
            [
              28.1541314,
              45.5744386
            ],
            [
              28.1456197,
              45.5658588
            ],
            [
              28.1441814,
              45.5669423
            ],
            [
              28.1407802,
              45.5763016
            ],
            [
              28.138839,
              45.5774316
            ],
            [
              28.1347961,
              45.5770043
            ],
            [
              28.1357877,
              45.5730005
            ],
            [
              28.1342308,
              45.570952
            ],
            [
              28.1325068,
              45.5711607
            ],
            [
              28.1313133,
              45.5755685
            ],
            [
              28.1266872,
              45.5709001
            ],
            [
              28.1252847,
              45.5741286
            ],
            [
              28.121618,
              45.5718667
            ],
            [
              28.1172531,
              45.5755059
            ],
            [
              28.1210712,
              45.5791449
            ],
            [
              28.1183003,
              45.5803967
            ],
            [
              28.1130921,
              45.5863378
            ],
            [
              28.1060304,
              45.588037
            ],
            [
              28.1007265,
              45.595373
            ],
            [
              28.0924353,
              45.5980236
            ],
            [
              28.0883891,
              45.60588
            ],
            [
              28.0889274,
              45.6093974
            ],
            [
              28.0905971,
              45.6109609
            ],
            [
              28.0995629,
              45.6158826
            ],
            [
              28.1004832,
              45.6184557
            ],
            [
              28.1101298,
              45.621681
            ],
            [
              28.1121572,
              45.6262972
            ],
            [
              28.1207536,
              45.6270897
            ],
            [
              28.1223016,
              45.6232677
            ],
            [
              28.1303281,
              45.6186903
            ],
            [
              28.1319804,
              45.6197853
            ],
            [
              28.1298713,
              45.6236038
            ],
            [
              28.1372644,
              45.6256984
            ],
            [
              28.1399914,
              45.6253506
            ],
            [
              28.1412187,
              45.6223155
            ],
            [
              28.144675,
              45.6214696
            ],
            [
              28.145328,
              45.6247997
            ],
            [
              28.1494919,
              45.6260423
            ],
            [
              28.1515874,
              45.630858
            ],
            [
              28.1567158,
              45.6365404
            ],
            [
              28.171473,
              45.6404717
            ],
            [
              28.1742738,
              45.6456296
            ],
            [
              28.1709851,
              45.648856
            ],
            [
              28.1601411,
              45.6493529
            ],
            [
              28.1578913,
              45.6507302
            ],
            [
              28.1586197,
              45.6518383
            ],
            [
              28.1638946,
              45.6519316
            ],
            [
              28.1659373,
              45.6534534
            ],
            [
              28.162177,
              45.6606516
            ],
            [
              28.1666528,
              45.6662428
            ],
            [
              28.1672622,
              45.6712422
            ],
            [
              28.1704146,
              45.6744676
            ],
            [
              28.169412,
              45.6778832
            ],
            [
              28.171385,
              45.6796073
            ],
            [
              28.1664758,
              45.6824884
            ],
            [
              28.1657748,
              45.6867308
            ],
            [
              28.1626311,
              45.6918556
            ],
            [
              28.1644652,
              45.6969935
            ],
            [
              28.1598858,
              45.7037903
            ],
            [
              28.1681421,
              45.7067703
            ],
            [
              28.170711,
              45.7088679
            ],
            [
              28.1641395,
              45.716913
            ],
            [
              28.1671333,
              45.7240013
            ],
            [
              28.1608063,
              45.7250508
            ],
            [
              28.1621522,
              45.7287956
            ],
            [
              28.1661062,
              45.7304475
            ],
            [
              28.1651104,
              45.7325784
            ],
            [
              28.1668736,
              45.736241
            ],
            [
              28.1576151,
              45.7397703
            ],
            [
              28.1561267,
              45.7439341
            ],
            [
              28.1511488,
              45.7442688
            ],
            [
              28.1497025,
              45.7509337
            ],
            [
              28.1519751,
              45.7539736
            ],
            [
              28.1434891,
              45.760231
            ],
            [
              28.1448881,
              45.764168
            ],
            [
              28.1496042,
              45.7640003
            ],
            [
              28.1479935,
              45.7678058
            ],
            [
              28.1497006,
              45.7698337
            ],
            [
              28.1497172,
              45.7730996
            ],
            [
              28.1542831,
              45.7741134
            ],
            [
              28.1557223,
              45.7781248
            ],
            [
              28.1523733,
              45.7797749
            ],
            [
              28.1540349,
              45.7822882
            ],
            [
              28.151752,
              45.7836003
            ],
            [
              28.1470656,
              45.7812135
            ],
            [
              28.1350363,
              45.778362
            ],
            [
              28.1263545,
              45.7839727
            ],
            [
              28.1216506,
              45.7884023
            ],
            [
              28.120904,
              45.7909352
            ],
            [
              28.1142242,
              45.7902508
            ],
            [
              28.1122099,
              45.7951853
            ],
            [
              28.1130008,
              45.7961091
            ],
            [
              28.1191996,
              45.7946172
            ],
            [
              28.1227456,
              45.7982203
            ],
            [
              28.1195612,
              45.801836
            ],
            [
              28.1211436,
              45.806891
            ],
            [
              28.1186169,
              45.8148725
            ],
            [
              28.1101693,
              45.8147064
            ],
            [
              28.1074403,
              45.8165257
            ],
            [
              28.113106,
              45.8208303
            ],
            [
              28.1093314,
              45.8243514
            ],
            [
              28.1119886,
              45.8268743
            ],
            [
              28.1087516,
              45.8305939
            ],
            [
              28.1127621,
              45.8344884
            ],
            [
              28.1098255,
              45.8377856
            ],
            [
              28.1087548,
              45.8410991
            ],
            [
              28.1051862,
              45.8430263
            ],
            [
              28.1118574,
              45.844539
            ],
            [
              28.112132,
              45.8473168
            ],
            [
              28.1139725,
              45.8491535
            ],
            [
              28.1105945,
              45.8510408
            ],
            [
              28.1054585,
              45.8594128
            ],
            [
              28.1088698,
              45.8606297
            ],
            [
              28.1143102,
              45.8600653
            ],
            [
              28.1205461,
              45.8636897
            ],
            [
              28.1274135,
              45.8630027
            ],
            [
              28.1280088,
              45.8714328
            ],
            [
              28.1328477,
              45.8766996
            ],
            [
              28.1279439,
              45.877747
            ],
            [
              28.1305366,
              45.882142
            ],
            [
              28.1270614,
              45.8852402
            ],
            [
              28.1235755,
              45.8821454
            ],
            [
              28.1209514,
              45.8835536
            ],
            [
              28.1154267,
              45.8826054
            ],
            [
              28.1125276,
              45.8843027
            ],
            [
              28.113253,
              45.8858326
            ],
            [
              28.1182733,
              45.8874908
            ],
            [
              28.1164848,
              45.8898663
            ],
            [
              28.1162962,
              45.8927383
            ],
            [
              28.1126494,
              45.8952146
            ],
            [
              28.1121493,
              45.899308
            ],
            [
              28.1182977,
              45.8998503
            ],
            [
              28.120041,
              45.9012533
            ],
            [
              28.1160339,
              45.909234
            ],
            [
              28.1196556,
              45.9135159
            ],
            [
              28.1204295,
              45.918184
            ],
            [
              28.1253046,
              45.9212795
            ],
            [
              28.1254756,
              45.9229078
            ],
            [
              28.1203014,
              45.9320675
            ],
            [
              28.1142093,
              45.9356874
            ],
            [
              28.1185188,
              45.9444581
            ],
            [
              28.1157057,
              45.9484249
            ],
            [
              28.1147432,
              45.9537903
            ],
            [
              28.110893,
              45.9587174
            ],
            [
              28.1046348,
              45.9635947
            ],
            [
              28.1084536,
              45.9669326
            ],
            [
              28.1083209,
              45.9684454
            ],
            [
              28.1014641,
              45.9726888
            ],
            [
              28.1063084,
              45.9754475
            ],
            [
              28.1070878,
              45.9782956
            ],
            [
              28.0981656,
              45.9783732
            ],
            [
              28.0988626,
              45.9817201
            ],
            [
              28.1039536,
              45.9848716
            ],
            [
              28.1051171,
              45.9893716
            ],
            [
              28.0992922,
              45.9906765
            ],
            [
              28.0969247,
              45.9939707
            ],
            [
              28.0965372,
              45.9973998
            ],
            [
              28.0912236,
              46.0050632
            ],
            [
              28.0868403,
              46.0062527
            ],
            [
              28.0853488,
              46.0082441
            ],
            [
              28.0957234,
              46.0149193
            ],
            [
              28.0951935,
              46.0169005
            ],
            [
              28.087652,
              46.0201724
            ],
            [
              28.0907496,
              46.030408
            ],
            [
              28.0902654,
              46.0347635
            ],
            [
              28.0955249,
              46.0398879
            ],
            [
              28.0971373,
              46.0434054
            ],
            [
              28.1036798,
              46.0430037
            ],
            [
              28.1003728,
              46.047438
            ],
            [
              28.1051373,
              46.0527725
            ],
            [
              28.1028324,
              46.0541454
            ],
            [
              28.0931129,
              46.0530356
            ],
            [
              28.0914426,
              46.0539297
            ],
            [
              28.0892762,
              46.0571761
            ],
            [
              28.0891114,
              46.0598193
            ],
            [
              28.0975374,
              46.060097
            ],
            [
              28.1006815,
              46.0638793
            ],
            [
              28.0897396,
              46.068088
            ],
            [
              28.0889947,
              46.0702309
            ],
            [
              28.0936127,
              46.0740812
            ],
            [
              28.0922316,
              46.0780266
            ],
            [
              28.0928757,
              46.0792968
            ],
            [
              28.0965269,
              46.0780625
            ],
            [
              28.1003305,
              46.0810326
            ],
            [
              28.1053111,
              46.0780544
            ],
            [
              28.1089278,
              46.0781741
            ],
            [
              28.1070669,
              46.0832067
            ],
            [
              28.1115946,
              46.0870825
            ],
            [
              28.1056171,
              46.0895162
            ],
            [
              28.1073008,
              46.0952316
            ],
            [
              28.1022485,
              46.0984781
            ],
            [
              28.1071576,
              46.0984061
            ],
            [
              28.1102424,
              46.1037919
            ],
            [
              28.1177135,
              46.1020814
            ],
            [
              28.1221337,
              46.1039406
            ],
            [
              28.122829,
              46.1052609
            ],
            [
              28.1159724,
              46.1076415
            ],
            [
              28.1174376,
              46.1120366
            ],
            [
              28.1043146,
              46.1168253
            ],
            [
              28.1032456,
              46.1156704
            ],
            [
              28.1001267,
              46.1169941
            ],
            [
              28.0759258,
              46.1175271
            ],
            [
              28.0412877,
              46.1064482
            ],
            [
              28.0228296,
              46.1039787
            ],
            [
              28.0088958,
              46.1049376
            ],
            [
              28.0105497,
              46.1101866
            ],
            [
              28.0093338,
              46.1153425
            ],
            [
              28.0025523,
              46.1139322
            ],
            [
              28.0020563,
              46.1158492
            ],
            [
              27.9842567,
              46.1104966
            ],
            [
              27.9807964,
              46.1171297
            ],
            [
              27.9829394,
              46.1178445
            ],
            [
              27.9796745,
              46.1239108
            ],
            [
              27.9726963,
              46.1221153
            ],
            [
              27.9646144,
              46.1414558
            ],
            [
              27.9395628,
              46.1351233
            ],
            [
              27.9359701,
              46.1411802
            ],
            [
              27.9303919,
              46.1462939
            ],
            [
              27.9262166,
              46.152477
            ],
            [
              27.9171036,
              46.1486423
            ],
            [
              27.9149018,
              46.1492488
            ],
            [
              27.9107016,
              46.1538365
            ],
            [
              27.885338,
              46.145387
            ],
            [
              27.871894,
              46.1455714
            ],
            [
              27.8713686,
              46.1503728
            ],
            [
              27.872964,
              46.1526639
            ],
            [
              27.8687303,
              46.1571132
            ],
            [
              27.8695028,
              46.1592366
            ],
            [
              27.8726464,
              46.1580185
            ],
            [
              27.8689195,
              46.160116
            ],
            [
              27.869132,
              46.1613115
            ],
            [
              27.862753,
              46.1614205
            ],
            [
              27.8631153,
              46.1629911
            ],
            [
              27.8572105,
              46.1631061
            ],
            [
              27.8562348,
              46.1576834
            ],
            [
              27.846887,
              46.1577681
            ],
            [
              27.8458944,
              46.133505
            ],
            [
              27.8425985,
              46.1328516
            ],
            [
              27.8451813,
              46.13163
            ],
            [
              27.8453185,
              46.1263498
            ],
            [
              27.8389589,
              46.1259319
            ],
            [
              27.8337253,
              46.1279475
            ],
            [
              27.8301694,
              46.1271779
            ],
            [
              27.838684,
              46.1156887
            ],
            [
              27.8293261,
              46.1113521
            ],
            [
              27.8219619,
              46.1202458
            ],
            [
              27.8210274,
              46.1195837
            ],
            [
              27.8218895,
              46.1188283
            ],
            [
              27.8166336,
              46.1135845
            ],
            [
              27.8080543,
              46.1116432
            ],
            [
              27.8154651,
              46.1048221
            ],
            [
              27.7950757,
              46.0979399
            ],
            [
              27.7936519,
              46.1013314
            ],
            [
              27.7921122,
              46.1010665
            ],
            [
              27.7912856,
              46.1007223
            ],
            [
              27.7919758,
              46.097318
            ],
            [
              27.7905356,
              46.0976867
            ],
            [
              27.7915124,
              46.0958485
            ],
            [
              27.7881329,
              46.0949001
            ],
            [
              27.7873377,
              46.0975818
            ],
            [
              27.789226,
              46.0983836
            ],
            [
              27.7828927,
              46.1054892
            ],
            [
              27.7860011,
              46.1042222
            ],
            [
              27.7876824,
              46.1051448
            ],
            [
              27.786051,
              46.1124509
            ],
            [
              27.7823836,
              46.1123766
            ],
            [
              27.7779165,
              46.1097963
            ],
            [
              27.7785031,
              46.1124651
            ],
            [
              27.7636111,
              46.1153442
            ],
            [
              27.7624487,
              46.1281319
            ],
            [
              27.7432468,
              46.1272849
            ],
            [
              27.7418476,
              46.1298573
            ],
            [
              27.7110378,
              46.1292049
            ],
            [
              27.7101911,
              46.1385886
            ],
            [
              27.6985485,
              46.134542
            ],
            [
              27.6973183,
              46.1353854
            ],
            [
              27.6932007,
              46.1321683
            ],
            [
              27.6861624,
              46.1367278
            ],
            [
              27.6821026,
              46.1365834
            ],
            [
              27.6802028,
              46.1391929
            ],
            [
              27.6759274,
              46.141395
            ],
            [
              27.6728936,
              46.1384197
            ],
            [
              27.6752963,
              46.1368756
            ],
            [
              27.6716229,
              46.1328088
            ],
            [
              27.6675723,
              46.1330491
            ],
            [
              27.6504793,
              46.140355
            ],
            [
              27.6472216,
              46.1299007
            ],
            [
              27.6338961,
              46.1383813
            ],
            [
              27.6330653,
              46.1358493
            ],
            [
              27.6278398,
              46.137148
            ],
            [
              27.6266912,
              46.1343104
            ],
            [
              27.6182832,
              46.1365637
            ],
            [
              27.6182761,
              46.1346721
            ],
            [
              27.6170232,
              46.1339805
            ],
            [
              27.6102727,
              46.1362608
            ],
            [
              27.6074295,
              46.1305359
            ],
            [
              27.6024718,
              46.1322127
            ],
            [
              27.6029011,
              46.1351955
            ],
            [
              27.6000888,
              46.1362617
            ],
            [
              27.6001405,
              46.1381361
            ],
            [
              27.5978029,
              46.1392576
            ],
            [
              27.5994163,
              46.1424738
            ],
            [
              27.6024222,
              46.141958
            ],
            [
              27.6035822,
              46.1444826
            ],
            [
              27.5951155,
              46.1473363
            ],
            [
              27.5911194,
              46.1501778
            ],
            [
              27.5894467,
              46.1473327
            ],
            [
              27.586475,
              46.1463911
            ],
            [
              27.5824806,
              46.147143
            ],
            [
              27.581107,
              46.144553
            ],
            [
              27.5857351,
              46.1405453
            ],
            [
              27.5841445,
              46.1355249
            ],
            [
              27.5902582,
              46.1338361
            ],
            [
              27.5937681,
              46.1261806
            ],
            [
              27.6001828,
              46.1241942
            ],
            [
              27.601324,
              46.1224224
            ],
            [
              27.5989003,
              46.1215203
            ],
            [
              27.5911134,
              46.1239495
            ],
            [
              27.5922036,
              46.1207254
            ],
            [
              27.5890104,
              46.12053
            ],
            [
              27.5948676,
              46.1146422
            ],
            [
              27.5945728,
              46.1135972
            ],
            [
              27.5965498,
              46.1129434
            ],
            [
              27.5901805,
              46.1128171
            ],
            [
              27.5880794,
              46.1114031
            ],
            [
              27.6063622,
              46.0913403
            ],
            [
              27.6050268,
              46.0905244
            ],
            [
              27.6089544,
              46.0789818
            ],
            [
              27.6109587,
              46.0767902
            ],
            [
              27.588274,
              46.0738258
            ],
            [
              27.586953,
              46.0735212
            ],
            [
              27.5872213,
              46.071809
            ],
            [
              27.5900999,
              46.0693617
            ],
            [
              27.6144183,
              46.0733564
            ],
            [
              27.61992,
              46.0710317
            ],
            [
              27.6187277,
              46.0677577
            ],
            [
              27.6162147,
              46.0662705
            ],
            [
              27.6169983,
              46.0648464
            ],
            [
              27.6232037,
              46.0666342
            ],
            [
              27.6277123,
              46.0613948
            ],
            [
              27.5998874,
              46.0559275
            ],
            [
              27.5999794,
              46.0436541
            ],
            [
              27.5989515,
              46.0413147
            ],
            [
              27.6021539,
              46.040137
            ],
            [
              27.6011918,
              46.0384319
            ],
            [
              27.6048631,
              46.0359425
            ],
            [
              27.5959097,
              46.0276993
            ],
            [
              27.6044821,
              46.0193763
            ],
            [
              27.5869173,
              46.0076239
            ],
            [
              27.5625842,
              46.0028884
            ],
            [
              27.5621209,
              46.0066881
            ],
            [
              27.5509457,
              46.0109317
            ],
            [
              27.5524113,
              46.0120167
            ],
            [
              27.5413582,
              46.0202374
            ],
            [
              27.5272928,
              46.0441422
            ],
            [
              27.5205466,
              46.0512661
            ],
            [
              27.5159458,
              46.0535615
            ],
            [
              27.5169424,
              46.0546738
            ],
            [
              27.5155179,
              46.0562666
            ],
            [
              27.5319364,
              46.067128
            ],
            [
              27.5171919,
              46.085361
            ],
            [
              27.5228091,
              46.0860381
            ],
            [
              27.5204466,
              46.0888766
            ],
            [
              27.5242187,
              46.0920552
            ],
            [
              27.5354552,
              46.09456
            ],
            [
              27.5245847,
              46.1145257
            ],
            [
              27.505474,
              46.132861
            ],
            [
              27.503082,
              46.1396328
            ],
            [
              27.4840809,
              46.1397538
            ],
            [
              27.4809851,
              46.1258637
            ],
            [
              27.4488892,
              46.1264615
            ],
            [
              27.4344009,
              46.1338857
            ],
            [
              27.4306197,
              46.1377867
            ],
            [
              27.4267741,
              46.1395351
            ],
            [
              27.4182206,
              46.1307943
            ],
            [
              27.4187275,
              46.1280867
            ],
            [
              27.4226668,
              46.124423
            ],
            [
              27.4281795,
              46.1161596
            ],
            [
              27.4242446,
              46.1148375
            ],
            [
              27.4226776,
              46.1109987
            ],
            [
              27.4239342,
              46.1042915
            ],
            [
              27.4216076,
              46.1008878
            ],
            [
              27.4220262,
              46.0991811
            ],
            [
              27.426357,
              46.0990088
            ],
            [
              27.4297926,
              46.0946477
            ],
            [
              27.4244281,
              46.0893602
            ],
            [
              27.420682,
              46.0886855
            ],
            [
              27.420198,
              46.0898493
            ],
            [
              27.3945213,
              46.0863014
            ],
            [
              27.3939278,
              46.0893625
            ],
            [
              27.3717457,
              46.0878233
            ],
            [
              27.3690836,
              46.0865179
            ],
            [
              27.3678814,
              46.0827517
            ],
            [
              27.3692412,
              46.0826793
            ],
            [
              27.3683104,
              46.0786611
            ],
            [
              27.3510354,
              46.0805167
            ],
            [
              27.3227031,
              46.0791001
            ],
            [
              27.3218053,
              46.0798567
            ],
            [
              27.3230532,
              46.0804992
            ],
            [
              27.3231591,
              46.0826257
            ],
            [
              27.3195868,
              46.0861394
            ],
            [
              27.2963134,
              46.0844714
            ],
            [
              27.2919086,
              46.083243
            ],
            [
              27.2924679,
              46.080322
            ],
            [
              27.2909212,
              46.0809505
            ],
            [
              27.2898189,
              46.0798045
            ],
            [
              27.2851389,
              46.0793456
            ],
            [
              27.2842612,
              46.0756841
            ],
            [
              27.2818401,
              46.0751374
            ],
            [
              27.2846779,
              46.0717319
            ],
            [
              27.2835847,
              46.0672218
            ],
            [
              27.2874956,
              46.0674287
            ],
            [
              27.2904633,
              46.0625621
            ],
            [
              27.290288,
              46.0598614
            ],
            [
              27.2777972,
              46.059197
            ],
            [
              27.2747548,
              46.0546219
            ],
            [
              27.2762949,
              46.0508275
            ],
            [
              27.2755343,
              46.0477979
            ],
            [
              27.2708743,
              46.0457482
            ],
            [
              27.268532,
              46.0414884
            ],
            [
              27.2621735,
              46.0419563
            ],
            [
              27.2602091,
              46.0408787
            ],
            [
              27.2429178,
              46.0439033
            ],
            [
              27.2411989,
              46.0429261
            ],
            [
              27.2369135,
              46.0461911
            ],
            [
              27.2355665,
              46.0413825
            ],
            [
              27.2334004,
              46.0392221
            ],
            [
              27.2343538,
              46.0369491
            ],
            [
              27.2331342,
              46.0366372
            ],
            [
              27.2341655,
              46.029662
            ],
            [
              27.232787,
              46.0263023
            ],
            [
              27.235167,
              46.0241013
            ],
            [
              27.2308442,
              46.0212746
            ],
            [
              27.230882,
              46.0178754
            ],
            [
              27.2270465,
              46.0091381
            ],
            [
              27.2303046,
              45.9946969
            ],
            [
              27.2329885,
              45.9891974
            ],
            [
              27.2320139,
              45.9767153
            ],
            [
              27.2370826,
              45.9683376
            ],
            [
              27.2429502,
              45.9481733
            ],
            [
              27.2415232,
              45.9478078
            ],
            [
              27.2419095,
              45.9468976
            ],
            [
              27.2552347,
              45.9312742
            ],
            [
              27.2653627,
              45.9160195
            ],
            [
              27.273817,
              45.8967586
            ],
            [
              27.2828212,
              45.8863209
            ],
            [
              27.2763684,
              45.8834218
            ],
            [
              27.2757285,
              45.8849703
            ],
            [
              27.2635471,
              45.8826888
            ],
            [
              27.2524009,
              45.882397
            ],
            [
              27.2486538,
              45.8726551
            ],
            [
              27.2532774,
              45.8718202
            ],
            [
              27.2709974,
              45.8740143
            ],
            [
              27.2730284,
              45.8692728
            ],
            [
              27.2792066,
              45.8705528
            ],
            [
              27.2815853,
              45.8679664
            ],
            [
              27.2754323,
              45.8665791
            ],
            [
              27.2784171,
              45.8617202
            ],
            [
              27.2773936,
              45.8598848
            ],
            [
              27.2791513,
              45.8569081
            ],
            [
              27.2819157,
              45.855554
            ],
            [
              27.2900754,
              45.8600872
            ],
            [
              27.2913021,
              45.8594008
            ],
            [
              27.2924845,
              45.8544453
            ],
            [
              27.2982818,
              45.8495439
            ],
            [
              27.2976697,
              45.8487952
            ],
            [
              27.3009842,
              45.8478047
            ],
            [
              27.3032587,
              45.8451039
            ],
            [
              27.3024986,
              45.8432421
            ],
            [
              27.3055217,
              45.8412844
            ],
            [
              27.3081424,
              45.833946
            ],
            [
              27.3127863,
              45.8264512
            ],
            [
              27.3196669,
              45.8054795
            ],
            [
              27.3275898,
              45.79478
            ],
            [
              27.342299,
              45.7882648
            ],
            [
              27.3389828,
              45.787584
            ],
            [
              27.3385954,
              45.7837766
            ],
            [
              27.3429528,
              45.7803371
            ],
            [
              27.3442319,
              45.7745935
            ],
            [
              27.3543273,
              45.7593937
            ],
            [
              27.3556489,
              45.7591436
            ],
            [
              27.3526932,
              45.7565488
            ],
            [
              27.3543293,
              45.7540247
            ],
            [
              27.3539746,
              45.7469109
            ],
            [
              27.3566902,
              45.743809
            ],
            [
              27.3558305,
              45.7424067
            ],
            [
              27.362382,
              45.7293797
            ],
            [
              27.3660782,
              45.7257706
            ],
            [
              27.3692429,
              45.7252248
            ],
            [
              27.375043,
              45.7133833
            ],
            [
              27.3813931,
              45.7064293
            ],
            [
              27.3909439,
              45.6999298
            ],
            [
              27.3999714,
              45.6859566
            ],
            [
              27.403621,
              45.6823069
            ],
            [
              27.4156311,
              45.6774529
            ],
            [
              27.417444,
              45.6799643
            ],
            [
              27.4261957,
              45.6782103
            ],
            [
              27.4244407,
              45.672848
            ],
            [
              27.4210588,
              45.6709307
            ],
            [
              27.4245495,
              45.668382
            ],
            [
              27.4306961,
              45.6702066
            ],
            [
              27.4367848,
              45.6786002
            ],
            [
              27.439957,
              45.6791181
            ],
            [
              27.4501833,
              45.6708226
            ],
            [
              27.4506501,
              45.6614303
            ],
            [
              27.4565605,
              45.6579232
            ],
            [
              27.4566707,
              45.6559472
            ],
            [
              27.4522911,
              45.6523378
            ],
            [
              27.4523329,
              45.6506084
            ],
            [
              27.4637773,
              45.6455529
            ],
            [
              27.4648364,
              45.6389292
            ],
            [
              27.4700766,
              45.6365586
            ],
            [
              27.4839083,
              45.6408638
            ],
            [
              27.4887397,
              45.6407204
            ],
            [
              27.4905816,
              45.6395798
            ],
            [
              27.4912663,
              45.6358162
            ],
            [
              27.4883044,
              45.6317166
            ],
            [
              27.4883784,
              45.6293883
            ],
            [
              27.5038385,
              45.6264737
            ],
            [
              27.5088462,
              45.6244972
            ],
            [
              27.5130919,
              45.621005
            ],
            [
              27.5144922,
              45.6180436
            ],
            [
              27.5134211,
              45.6154954
            ],
            [
              27.5084508,
              45.6117453
            ],
            [
              27.498445,
              45.6083095
            ],
            [
              27.4975656,
              45.6068972
            ],
            [
              27.5075476,
              45.6081078
            ],
            [
              27.5151758,
              45.6046289
            ],
            [
              27.5179856,
              45.6000227
            ],
            [
              27.5175098,
              45.5953821
            ],
            [
              27.5187826,
              45.590246
            ],
            [
              27.5223866,
              45.5877962
            ],
            [
              27.5328542,
              45.5853494
            ],
            [
              27.536287,
              45.5810992
            ],
            [
              27.5341047,
              45.5784383
            ],
            [
              27.5168983,
              45.5780843
            ],
            [
              27.5100637,
              45.5766603
            ],
            [
              27.5047955,
              45.5682005
            ],
            [
              27.5042505,
              45.5631652
            ],
            [
              27.5073775,
              45.5598081
            ],
            [
              27.5148969,
              45.5583452
            ],
            [
              27.5241803,
              45.5532744
            ],
            [
              27.5283105,
              45.5485482
            ],
            [
              27.5291263,
              45.5417895
            ],
            [
              27.5282328,
              45.5386577
            ],
            [
              27.5222325,
              45.5296857
            ],
            [
              27.524543,
              45.5195847
            ],
            [
              27.5304695,
              45.5146506
            ],
            [
              27.5398586,
              45.5120415
            ],
            [
              27.5418149,
              45.5091528
            ],
            [
              27.5392983,
              45.5051828
            ],
            [
              27.5324519,
              45.5055024
            ]
          ]
        ]
      },
      "properties": {
        "name": "Județul Galați",
        "start_year": 1968,
        "end_year": 9999,
        "subtitle": "Reforma Ceaușescu · 1968 — prezent",
        "approx_note": "Granița reală OSM. Combină fostul Covurlui (sud) cu mare parte din fostul jud. Tecuci (nord).",
        "iso": "RO-GL",
        "nuts": "RO224"
      }
    }
  ]
}
